-- phpMyAdmin SQL Dump
-- version 4.1.6
-- http://www.phpmyadmin.net
--
-- Servidor: 127.0.0.1
-- Tiempo de generación: 21-01-2015 a las 21:14:24
-- Versión del servidor: 5.6.16
-- Versión de PHP: 5.5.9

SET SQL_MODE = "NO_AUTO_VALUE_ON_ZERO";
SET time_zone = "+00:00";


/*!40101 SET @OLD_CHARACTER_SET_CLIENT=@@CHARACTER_SET_CLIENT */;
/*!40101 SET @OLD_CHARACTER_SET_RESULTS=@@CHARACTER_SET_RESULTS */;
/*!40101 SET @OLD_COLLATION_CONNECTION=@@COLLATION_CONNECTION */;
/*!40101 SET NAMES utf8 */;

--
-- Base de datos: `hospital_virtual`
--

-- --------------------------------------------------------

--
-- Estructura de tabla para la tabla `analytic`
--

CREATE TABLE IF NOT EXISTS `analytic` (
  `id` int(11) NOT NULL AUTO_INCREMENT,
  `type` int(11) NOT NULL,
  `user` int(11) NOT NULL,
  `creator` int(11) NOT NULL,
  `result` longtext NOT NULL,
  `date` timestamp NOT NULL DEFAULT CURRENT_TIMESTAMP ON UPDATE CURRENT_TIMESTAMP,
  `deleted` tinyint(1) NOT NULL DEFAULT '0',
  PRIMARY KEY (`id`)
) ENGINE=InnoDB  DEFAULT CHARSET=latin1 AUTO_INCREMENT=17 ;

--
-- Volcado de datos para la tabla `analytic`
--

INSERT INTO `analytic` (`id`, `type`, `user`, `creator`, `result`, `date`, `deleted`) VALUES
(1, 2, 10, 0, '{"1":10,"2":20,"3":40}', '2014-05-13 21:01:00', 1),
(2, 1, 10, 2, '{"1":"0.27","2":"0.59","3":"6.33","4":"6.21","5":"9.26"}', '2014-05-13 21:16:00', 1),
(3, 2, 10, 2, '{"1":"900","2":"99.3689","3":"23.55"}', '2014-03-01 10:00:00', 0),
(4, 1, 10, 2, '{"1":"0.334","2":"25","3":"2.66","4":"33","5":"55"}', '2014-05-13 21:16:00', 1),
(6, 1, 10, 2, '{"1":"55","2":"44","3":"33","4":"12","5":"8"}', '2014-05-18 21:16:00', 1),
(7, 1, 10, 2, '{"1":"55555500","2":"44","3":"33","4":"12","5":"8"}', '2014-05-18 21:16:00', 1),
(8, 2, 10, 2, '{"1":"55","2":"115","3":"0.15"}', '2014-03-01 07:00:00', 0),
(9, 2, 10, 2, '{"1":"12","2":"44","3":"8745"}', '2014-03-01 09:00:00', 0),
(10, 1, 10, 2, '{"1":"22","2":"118","3":"22","4":"78","5":"55"}', '2014-05-25 21:16:00', 0),
(11, 2, 10, 2, '{"1":"55","2":"44","3":"11"}', '2014-03-01 09:00:00', 0),
(12, 2, 10, 2, '{"1":"1","2":"2","3":"3"}', '2014-03-01 09:00:00', 0),
(13, 1, 10, 2, '{"1":"1","2":"2","3":"3","4":"4","5":"5"}', '2014-05-10 22:00:00', 0),
(14, 1, 10, 2, '{"1":"6","2":"7","3":"8","4":"9","5":"10"}', '2014-05-13 21:16:00', 1),
(15, 1, 10, 2, '{"1":"8","2":"44","3":"55","4":"22","5":"11"}', '2014-05-05 21:16:00', 0),
(16, 1, 27, 25, '{"1":"10","2":"0.25","3":"2","4":"0.6","5":"60"}', '2014-06-26 22:00:00', 0);

-- --------------------------------------------------------

--
-- Estructura de tabla para la tabla `call`
--

CREATE TABLE IF NOT EXISTS `call` (
  `id` int(11) NOT NULL AUTO_INCREMENT,
  `caller` int(11) NOT NULL,
  `receptor` int(11) NOT NULL,
  `event` int(11) NOT NULL,
  `date` timestamp NOT NULL DEFAULT CURRENT_TIMESTAMP,
  `start` timestamp NOT NULL DEFAULT '0000-00-00 00:00:00',
  `end` timestamp NOT NULL DEFAULT '0000-00-00 00:00:00',
  PRIMARY KEY (`id`)
) ENGINE=InnoDB  DEFAULT CHARSET=latin1 AUTO_INCREMENT=42 ;

--
-- Volcado de datos para la tabla `call`
--

INSERT INTO `call` (`id`, `caller`, `receptor`, `event`, `date`, `start`, `end`) VALUES
(2, 2, 10, 54, '2014-06-24 00:18:53', '0000-00-00 00:00:00', '0000-00-00 00:00:00'),
(3, 2, 10, 54, '2014-06-24 00:19:04', '0000-00-00 00:00:00', '0000-00-00 00:00:00'),
(4, 2, 10, 54, '2014-06-24 00:19:38', '0000-00-00 00:00:00', '0000-00-00 00:00:00'),
(5, 2, 10, 54, '2014-06-24 00:20:09', '0000-00-00 00:00:00', '0000-00-00 00:00:00'),
(6, 2, 10, 54, '2014-06-24 00:24:00', '0000-00-00 00:00:00', '0000-00-00 00:00:00'),
(7, 2, 10, 54, '2014-06-24 00:28:50', '0000-00-00 00:00:00', '0000-00-00 00:00:00'),
(8, 2, 10, 54, '2014-06-24 00:32:26', '0000-00-00 00:00:00', '0000-00-00 00:00:00'),
(9, 2, 10, 54, '2014-06-24 00:36:19', '0000-00-00 00:00:00', '0000-00-00 00:00:00'),
(10, 2, 10, 54, '2014-06-24 00:36:51', '0000-00-00 00:00:00', '0000-00-00 00:00:00'),
(11, 2, 10, 54, '2014-06-24 00:38:31', '2014-06-24 00:38:37', '0000-00-00 00:00:00'),
(12, 2, 10, 54, '2014-06-24 01:01:08', '0000-00-00 00:00:00', '0000-00-00 00:00:00'),
(13, 2, 10, 54, '2014-06-24 01:01:30', '0000-00-00 00:00:00', '0000-00-00 00:00:00'),
(14, 2, 10, 54, '2014-06-24 01:03:18', '0000-00-00 00:00:00', '0000-00-00 00:00:00'),
(15, 2, 10, 54, '2014-06-24 01:04:09', '0000-00-00 00:00:00', '0000-00-00 00:00:00'),
(16, 2, 10, 54, '2014-06-24 01:05:04', '2014-06-24 01:05:12', '2014-06-24 01:05:25'),
(17, 2, 10, 54, '2014-06-24 01:05:49', '2014-06-24 01:05:59', '2014-06-24 01:06:11'),
(18, 2, 10, 54, '2014-06-24 01:11:58', '0000-00-00 00:00:00', '0000-00-00 00:00:00'),
(19, 2, 10, 54, '2014-06-24 21:58:41', '2014-06-24 21:58:51', '2014-06-24 21:59:39'),
(20, 2, 20, 56, '2014-06-25 19:18:42', '0000-00-00 00:00:00', '0000-00-00 00:00:00'),
(21, 2, 20, 56, '2014-06-25 19:18:52', '0000-00-00 00:00:00', '0000-00-00 00:00:00'),
(22, 2, 20, 56, '2014-06-25 19:19:06', '0000-00-00 00:00:00', '0000-00-00 00:00:00'),
(23, 2, 20, 56, '2014-06-25 19:19:31', '0000-00-00 00:00:00', '0000-00-00 00:00:00'),
(24, 2, 20, 56, '2014-06-25 19:19:51', '0000-00-00 00:00:00', '0000-00-00 00:00:00'),
(25, 2, 20, 56, '2014-06-25 19:20:23', '2014-06-25 19:20:32', '2014-06-25 19:21:05'),
(26, 11, 10, 57, '2014-06-26 18:53:15', '0000-00-00 00:00:00', '0000-00-00 00:00:00'),
(27, 11, 10, 57, '2014-06-26 18:54:10', '0000-00-00 00:00:00', '0000-00-00 00:00:00'),
(28, 11, 10, 57, '2014-06-26 18:54:22', '0000-00-00 00:00:00', '0000-00-00 00:00:00'),
(29, 2, 10, 59, '2014-06-26 21:57:03', '0000-00-00 00:00:00', '0000-00-00 00:00:00'),
(30, 2, 10, 59, '2014-06-26 22:01:09', '0000-00-00 00:00:00', '0000-00-00 00:00:00'),
(31, 2, 10, 59, '2014-06-26 22:02:24', '0000-00-00 00:00:00', '0000-00-00 00:00:00'),
(32, 2, 10, 58, '2014-06-26 22:05:25', '2014-06-26 22:05:36', '2014-06-26 22:06:08'),
(33, 2, 10, 60, '2014-06-27 00:16:57', '2014-06-27 00:17:09', '2014-06-27 00:20:43'),
(34, 2, 10, 60, '2014-06-27 00:21:00', '2014-06-27 00:21:08', '2014-06-27 00:22:34'),
(35, 2, 10, 61, '2014-06-27 00:42:48', '0000-00-00 00:00:00', '0000-00-00 00:00:00'),
(36, 2, 10, 61, '2014-06-27 00:43:19', '0000-00-00 00:00:00', '0000-00-00 00:00:00'),
(37, 2, 10, 61, '2014-06-27 00:43:39', '2014-06-27 00:43:46', '2014-06-27 00:46:25'),
(38, 25, 26, 64, '2014-06-27 02:00:07', '2014-06-27 02:00:19', '2014-06-27 02:00:19'),
(39, 25, 27, 65, '2014-06-27 02:07:13', '2014-06-27 02:07:25', '2014-06-27 02:09:45'),
(40, 2, 10, 66, '2014-06-27 06:19:28', '2014-06-27 06:19:37', '2014-06-27 06:20:58'),
(41, 25, 26, 67, '2014-06-27 08:29:02', '2014-06-27 08:29:17', '2014-06-27 08:30:46');

-- --------------------------------------------------------

--
-- Estructura de tabla para la tabla `chat`
--

CREATE TABLE IF NOT EXISTS `chat` (
  `id` int(11) NOT NULL AUTO_INCREMENT,
  `user_A` int(11) NOT NULL,
  `user_B` int(11) NOT NULL,
  `start` timestamp NOT NULL DEFAULT CURRENT_TIMESTAMP,
  `last` timestamp NOT NULL DEFAULT '0000-00-00 00:00:00' ON UPDATE CURRENT_TIMESTAMP,
  PRIMARY KEY (`id`)
) ENGINE=InnoDB  DEFAULT CHARSET=latin1 AUTO_INCREMENT=17 ;

--
-- Volcado de datos para la tabla `chat`
--

INSERT INTO `chat` (`id`, `user_A`, `user_B`, `start`, `last`) VALUES
(1, 1, 5, '2014-04-27 08:44:33', '2014-04-27 11:04:47'),
(2, 5, 1, '2014-04-27 08:44:33', '2014-04-27 11:04:47'),
(3, 1, 10, '2014-04-27 11:03:29', '2014-04-27 11:03:29'),
(4, 10, 1, '2014-04-27 11:03:29', '2014-04-27 11:03:29'),
(5, 1, 3, '2014-04-27 11:05:46', '2014-04-27 11:05:46'),
(6, 3, 1, '2014-04-27 11:05:46', '2014-04-27 11:05:46'),
(7, 1, 11, '2014-04-27 11:08:30', '2014-04-27 11:08:30'),
(8, 11, 1, '2014-04-27 11:08:30', '2014-04-27 11:08:30'),
(9, 1, 14, '2014-05-07 11:57:24', '2014-05-07 11:59:43'),
(10, 14, 1, '2014-05-07 11:57:24', '2014-05-07 11:59:43'),
(11, 1, 2, '2014-05-10 17:08:03', '2014-06-27 01:40:25'),
(12, 2, 1, '2014-05-10 17:08:03', '2014-06-27 01:40:25'),
(13, 2, 4, '2014-05-12 23:01:41', '2014-06-19 15:34:07'),
(14, 4, 2, '2014-05-12 23:01:41', '2014-06-19 15:34:07'),
(15, 10, 2, '2014-05-12 23:37:47', '2014-06-19 15:34:54'),
(16, 2, 10, '2014-05-12 23:37:47', '2014-06-19 15:34:54');

-- --------------------------------------------------------

--
-- Estructura de tabla para la tabla `event`
--

CREATE TABLE IF NOT EXISTS `event` (
  `id` int(11) NOT NULL AUTO_INCREMENT,
  `user` int(11) NOT NULL,
  `doctor` int(11) NOT NULL,
  `start` timestamp NOT NULL DEFAULT '0000-00-00 00:00:00',
  `end` timestamp NOT NULL DEFAULT '0000-00-00 00:00:00',
  `timestamp` timestamp NOT NULL DEFAULT CURRENT_TIMESTAMP ON UPDATE CURRENT_TIMESTAMP,
  `online` tinyint(1) NOT NULL DEFAULT '0',
  `location` text,
  `request` text,
  `finished` tinyint(1) NOT NULL DEFAULT '0',
  PRIMARY KEY (`id`)
) ENGINE=MyISAM  DEFAULT CHARSET=latin1 AUTO_INCREMENT=68 ;

--
-- Volcado de datos para la tabla `event`
--

INSERT INTO `event` (`id`, `user`, `doctor`, `start`, `end`, `timestamp`, `online`, `location`, `request`, `finished`) VALUES
(1, 4, 2, '2014-04-02 08:30:00', '2014-04-02 09:00:00', '2014-04-27 22:48:42', 1, 'Sala 22', 'Consulta medica', 0),
(2, 4, 2, '2014-04-18 07:00:00', '2014-04-18 07:30:00', '2014-04-27 22:48:18', 1, 'Sala 11', 'Analisis', 0),
(3, 4, 2, '2014-04-25 10:00:00', '2014-04-25 10:30:00', '2014-04-27 22:48:01', 1, 'Rayos', 'Revision', 0),
(5, 4, 2, '2014-04-18 10:30:00', '2014-04-18 11:00:00', '2014-04-27 22:47:53', 1, 'Sala 5', 'Analisis sangre', 0),
(10, 6, 2, '2014-05-10 00:30:00', '2014-05-10 01:00:00', '2014-05-01 14:58:34', 1, '666', 'Revision%20final', 0),
(9, 4, 2, '2014-04-30 03:30:00', '2014-04-30 04:00:00', '2014-04-28 00:29:22', 0, '666', 'Revision%20vista', 0),
(11, 4, 2, '2014-05-01 21:30:00', '2014-05-01 22:00:00', '2014-05-01 14:48:04', 1, '666', 'Dolor', 0),
(12, 4, 2, '2014-05-02 01:00:00', '2014-05-02 01:30:00', '2014-05-01 14:48:07', 1, '666', 'Revision%20nocturna', 0),
(13, 4, 2, '2014-05-05 20:00:00', '2014-05-05 20:30:00', '2014-05-01 14:49:55', 1, '666', 'Resultados%20rayos', 0),
(14, 10, 2, '2014-05-01 23:00:00', '2014-05-01 23:30:00', '2014-05-01 14:52:47', 1, '666', 'Urgencia%20revision%20medica', 0),
(15, 5, 11, '2014-05-10 12:00:00', '2014-05-10 12:30:00', '2014-05-01 17:04:04', 1, '201', 'Revision%20vista', 0),
(16, 5, 11, '2014-05-01 20:30:00', '2014-05-01 21:00:00', '2014-05-01 17:05:07', 1, '201', 'Urgencia%20maxima', 0),
(17, 10, 2, '2014-05-03 20:30:00', '2014-05-03 21:00:00', '2014-05-03 09:44:47', 1, '666', 'Revision', 0),
(18, 10, 2, '2014-05-07 20:00:00', '2014-05-07 20:30:00', '2014-05-07 12:11:42', 1, '666', 'Revision', 0),
(19, 4, 2, '2014-05-11 20:00:00', '2014-05-11 20:30:00', '2014-05-11 09:28:03', 1, '666', 'Dar%20el%20alta', 0),
(20, 5, 2, '2014-05-11 21:00:00', '2014-05-11 21:30:00', '2014-05-11 09:28:33', 1, '666', 'Primera%20consulta', 0),
(21, 10, 2, '2014-05-22 05:30:00', '2014-05-22 06:00:00', '2014-05-12 20:13:35', 1, '666', 'Revision%20analiticas', 0),
(23, 4, 2, '2014-05-12 23:00:00', '2014-05-12 23:30:00', '2014-05-12 22:02:27', 1, '666', 'Urgencia', 0),
(24, 10, 2, '2014-05-13 20:00:00', '2014-05-13 20:30:00', '2014-05-12 23:49:46', 1, '666', 'Resultados%20pruebas', 0),
(25, 4, 2, '2014-05-20 23:00:00', '2014-05-20 23:30:00', '2014-05-20 22:05:23', 1, '666', 'Prueba', 0),
(26, 4, 2, '2014-05-21 20:00:00', '2014-05-21 20:30:00', '2014-05-27 18:55:39', 1, '666', 'Test', 0),
(27, 4, 2, '2014-05-21 21:00:00', '2014-05-21 21:30:00', '2014-05-27 18:55:48', 0, '666', 'Test', 0),
(28, 4, 2, '2014-05-22 00:30:00', '2014-05-22 01:00:00', '2014-05-27 18:55:45', 1, '666', 'Test', 0),
(29, 4, 2, '2014-05-23 20:00:00', '2014-05-23 20:30:00', '2014-05-23 18:41:35', 1, '666', 'Pruebas', 0),
(30, 4, 2, '2014-05-27 21:00:00', '2014-05-27 21:30:00', '2014-05-27 22:01:37', 0, '666', 'Revision%20final', 1),
(31, 10, 2, '2014-05-27 21:30:00', '2014-05-27 22:00:00', '2014-05-27 20:59:35', 1, '666', 'Visita%20urgente', 1),
(32, 5, 2, '2014-05-27 22:30:00', '2014-05-27 23:00:00', '2014-05-27 22:49:53', 1, '666', 'Dudas', 0),
(33, 10, 2, '2014-06-03 20:00:00', '2014-06-03 20:30:00', '2014-06-03 07:40:10', 1, '666', '', 0),
(34, 10, 2, '2014-06-15 03:00:00', '2014-06-15 03:30:00', '2014-06-15 00:05:48', 1, '666', 'Pruebaa', 0),
(35, 4, 2, '2014-06-18 04:00:00', '2014-06-18 04:30:00', '2014-06-17 23:44:48', 1, '666', 'Revision', 0),
(36, 10, 2, '2014-06-19 20:00:00', '2014-06-19 20:30:00', '2014-06-19 15:35:29', 1, '666', 'Revisi%26oacute%3Bn%20analiticas', 0),
(37, 6, 11, '2014-06-19 21:30:00', '2014-06-19 22:00:00', '2014-06-19 15:36:08', 1, '201', 'Evaluacion%20estado%20salud', 0),
(38, 4, 2, '2014-06-19 21:30:00', '2014-06-19 22:00:00', '2014-06-19 15:37:29', 0, '666', 'Evaluaci%26oacute%3Bn%20estado%20f%26iacute%3Bsico', 0),
(39, 4, 2, '2014-06-20 05:00:00', '2014-06-20 05:30:00', '2014-06-20 00:08:50', 1, '666', 'Revision', 0),
(40, 4, 2, '2014-07-24 22:00:00', '2014-07-24 22:30:00', '2014-06-20 00:11:54', 1, '666', 'Pruebas', 0),
(41, 10, 2, '2014-06-20 05:30:00', '2014-06-20 06:00:00', '2014-06-20 01:42:53', 0, '666', 'Reconocimento%20medico', 0),
(54, 10, 2, '2014-06-24 00:30:00', '2014-06-24 01:00:00', '2014-06-23 22:43:21', 1, '666', 'Video', 0),
(43, 10, 2, '2014-06-28 22:00:00', '2014-06-28 22:30:00', '2014-06-21 18:01:27', 1, '666', 'Pruebas%20medicas', 0),
(44, 10, 11, '2014-07-05 02:00:00', '2014-07-05 02:30:00', '2014-06-21 18:02:03', 1, '201', 'Revisiones%20analiticas', 0),
(45, 10, 11, '2014-06-22 00:00:00', '2014-06-22 00:30:00', '2014-06-21 18:14:17', 1, '201', 'Revisi%C3%B3n%20protocolos', 0),
(46, 10, 11, '2015-01-01 03:30:00', '2015-01-01 04:00:00', '2014-06-21 18:14:48', 1, '201', 'Inicio%20de%20a%C3%B1o', 0),
(49, 4, 2, '2014-06-22 21:00:00', '2014-06-22 21:30:00', '2014-06-22 12:47:05', 1, '666', 'Prueba%20agenda', 0),
(50, 10, 2, '2014-06-22 22:30:00', '2014-06-22 23:00:00', '2014-06-22 12:47:41', 1, '666', 'mas', 0),
(51, 10, 2, '2014-06-23 04:00:00', '2014-06-23 04:30:00', '2014-06-22 12:48:37', 1, '666', 'Mas%20pruebas', 0),
(52, 4, 2, '2014-06-22 20:00:00', '2014-06-22 20:30:00', '2014-06-22 12:48:57', 0, '666', 'Today', 0),
(55, 19, 12, '2014-06-25 04:00:00', '2014-06-25 04:30:00', '2014-06-24 23:39:31', 1, NULL, 'Evaluacion%20paciente', 0),
(56, 20, 2, '2014-06-25 20:00:00', '2014-06-25 20:30:00', '2014-06-25 18:38:25', 1, '666', 'Pruebas', 0),
(57, 10, 11, '2014-06-26 20:00:00', '2014-06-26 20:30:00', '2014-06-26 18:50:56', 1, '201', 'TEst', 0),
(58, 10, 2, '2014-06-26 22:00:00', '2014-06-26 22:30:00', '2014-06-26 21:51:13', 1, '666', 'test', 1),
(59, 10, 2, '2014-06-26 22:30:00', '2014-06-26 23:00:00', '2014-06-26 21:51:52', 1, '666', 'test', 1),
(60, 10, 2, '2014-06-27 00:30:00', '2014-06-27 01:00:00', '2014-06-27 00:16:14', 1, '666', 'Evaluacion%20del%20estado', 1),
(61, 10, 2, '2014-06-27 02:30:00', '2014-06-27 03:00:00', '2014-06-27 00:37:20', 1, '666', 'Pruebas', 1),
(66, 10, 2, '2014-06-27 13:00:00', '2014-06-27 13:30:00', '2014-06-27 06:18:22', 1, '666', 'Evaluacion%20estado', 1),
(67, 26, 25, '2014-06-27 08:30:00', '2014-06-27 09:00:00', '2014-06-27 08:26:10', 1, 'Urgencias', 'Primera%20revision', 1);

-- --------------------------------------------------------

--
-- Estructura de tabla para la tabla `log`
--

CREATE TABLE IF NOT EXISTS `log` (
  `id` int(11) NOT NULL AUTO_INCREMENT,
  `user` int(11) NOT NULL,
  `action` int(11) NOT NULL,
  `tool` int(11) NOT NULL,
  `element` int(11) NOT NULL,
  `date` timestamp NOT NULL DEFAULT CURRENT_TIMESTAMP,
  PRIMARY KEY (`id`),
  UNIQUE KEY `id` (`id`)
) ENGINE=InnoDB  DEFAULT CHARSET=latin1 AUTO_INCREMENT=2571 ;

--
-- Volcado de datos para la tabla `log`
--

INSERT INTO `log` (`id`, `user`, `action`, `tool`, `element`, `date`) VALUES
(1, 2, 1, 0, 0, '2014-05-24 13:37:09'),
(2, 2, 1, 6, 4, '2014-05-24 13:37:18'),
(3, 1, 1, 0, 0, '2014-05-24 14:52:21'),
(4, 1, 1, 7, 0, '2014-05-24 14:52:25'),
(5, 1, 1, 7, 0, '2014-05-24 14:54:14'),
(6, 1, 1, 7, 0, '2014-05-24 14:54:35'),
(7, 1, 1, 0, 0, '2014-05-24 16:13:05'),
(8, 1, 1, 0, 0, '2014-05-24 16:13:05'),
(9, 1, 1, 0, 0, '2014-05-24 16:14:59'),
(10, 1, 1, 0, 0, '2014-05-24 16:15:33'),
(11, 1, 1, 0, 0, '2014-05-24 16:18:12'),
(12, 1, 1, 0, 0, '2014-05-24 16:20:54'),
(13, 1, 1, 0, 0, '2014-05-24 16:21:09'),
(14, 1, 1, 0, 0, '2014-05-24 16:21:48'),
(15, 1, 1, 0, 0, '2014-05-24 16:22:22'),
(16, 1, 1, 0, 0, '2014-05-24 16:23:47'),
(17, 1, 1, 0, 0, '2014-05-24 16:23:56'),
(18, 1, 1, 0, 0, '2014-05-24 16:24:07'),
(19, 1, 1, 0, 0, '2014-05-24 16:25:22'),
(20, 1, 1, 7, 0, '2014-05-24 16:32:19'),
(21, 1, 1, 7, 0, '2014-05-24 16:37:02'),
(22, 1, 1, 7, 0, '2014-05-24 16:37:56'),
(23, 1, 1, 7, 0, '2014-05-24 16:38:27'),
(24, 1, 1, 7, 0, '2014-05-24 16:41:08'),
(25, 1, 1, 7, 0, '2014-05-24 16:41:21'),
(26, 1, 1, 7, 0, '2014-05-24 16:41:41'),
(27, 1, 1, 7, 0, '2014-05-24 16:43:18'),
(28, 1, 1, 7, 0, '2014-05-24 16:52:37'),
(29, 1, 1, 7, 0, '2014-05-24 16:53:04'),
(30, 1, 1, 7, 0, '2014-05-24 17:34:57'),
(31, 1, 1, 0, 0, '2014-05-25 17:23:09'),
(32, 1, 1, 0, 0, '2014-05-25 17:24:15'),
(33, 1, 1, 0, 0, '2014-05-25 17:33:31'),
(34, 1, 1, 0, 0, '2014-05-25 17:36:30'),
(35, 1, 1, 0, 0, '2014-05-25 17:36:33'),
(36, 1, 1, 0, 0, '2014-05-25 17:36:34'),
(37, 1, 1, 0, 0, '2014-05-25 17:36:38'),
(38, 1, 1, 0, 0, '2014-05-25 17:36:38'),
(39, 1, 1, 0, 0, '2014-05-25 17:36:38'),
(40, 1, 1, 0, 0, '2014-05-25 17:36:39'),
(41, 1, 1, 0, 0, '2014-05-25 17:36:55'),
(42, 1, 1, 0, 0, '2014-05-25 17:36:57'),
(43, 1, 1, 0, 0, '2014-05-25 17:37:11'),
(44, 1, 1, 0, 0, '2014-05-25 17:37:20'),
(45, 1, 1, 0, 0, '2014-05-25 17:37:38'),
(46, 1, 1, 0, 0, '2014-05-25 17:41:20'),
(47, 1, 1, 0, 0, '2014-05-25 18:02:50'),
(48, 1, 1, 7, 0, '2014-05-25 18:02:52'),
(49, 1, 1, 7, 0, '2014-05-25 18:03:22'),
(50, 1, 1, 7, 0, '2014-05-25 18:03:42'),
(51, 1, 1, 7, 0, '2014-05-25 18:04:03'),
(52, 1, 1, 7, 0, '2014-05-25 18:04:35'),
(53, 1, 1, 7, 0, '2014-05-25 18:05:13'),
(54, 1, 1, 7, 0, '2014-05-25 18:06:44'),
(55, 1, 1, 7, 0, '2014-05-25 18:08:20'),
(56, 1, 1, 7, 0, '2014-05-25 18:09:12'),
(57, 1, 1, 7, 0, '2014-05-25 18:13:52'),
(58, 1, 1, 7, 0, '2014-05-25 18:15:14'),
(59, 1, 1, 7, 0, '2014-05-25 18:19:02'),
(60, 1, 1, 7, 0, '2014-05-25 18:20:07'),
(61, 1, 1, 7, 0, '2014-05-25 18:20:20'),
(62, 1, 1, 7, 0, '2014-05-25 18:20:31'),
(63, 1, 1, 7, 0, '2014-05-25 18:22:36'),
(64, 1, 1, 7, 0, '2014-05-25 18:25:37'),
(65, 1, 1, 7, 0, '2014-05-25 18:25:47'),
(66, 1, 1, 7, 0, '2014-05-25 18:27:31'),
(67, 1, 1, 7, 0, '2014-05-25 18:27:58'),
(68, 1, 1, 7, 0, '2014-05-25 18:28:23'),
(69, 1, 1, 7, 0, '2014-05-25 18:28:57'),
(70, 1, 1, 7, 0, '2014-05-25 18:30:05'),
(71, 1, 1, 7, 0, '2014-05-25 18:31:59'),
(72, 1, 1, 7, 0, '2014-05-25 18:32:30'),
(73, 1, 1, 7, 0, '2014-05-25 18:33:03'),
(74, 1, 1, 7, 0, '2014-05-25 18:33:30'),
(75, 1, 1, 7, 0, '2014-05-25 18:38:01'),
(76, 1, 1, 7, 0, '2014-05-25 18:38:28'),
(77, 1, 1, 7, 0, '2014-05-25 18:39:10'),
(78, 1, 1, 7, 0, '2014-05-25 18:39:32'),
(79, 1, 1, 7, 0, '2014-05-25 18:39:58'),
(80, 1, 1, 7, 0, '2014-05-25 18:41:11'),
(81, 1, 1, 7, 0, '2014-05-25 18:42:06'),
(82, 1, 1, 7, 0, '2014-05-25 18:42:45'),
(83, 1, 1, 7, 0, '2014-05-25 18:43:22'),
(84, 1, 1, 7, 0, '2014-05-25 18:44:14'),
(85, 1, 1, 7, 0, '2014-05-25 18:44:34'),
(86, 1, 1, 7, 0, '2014-05-25 18:44:53'),
(87, 1, 1, 7, 0, '2014-05-25 18:45:24'),
(88, 1, 1, 7, 0, '2014-05-25 18:45:50'),
(89, 1, 1, 7, 0, '2014-05-25 18:48:32'),
(90, 1, 1, 7, 0, '2014-05-25 18:48:59'),
(91, 1, 1, 7, 0, '2014-05-25 18:55:48'),
(92, 1, 1, 7, 0, '2014-05-25 18:59:39'),
(93, 1, 1, 7, 0, '2014-05-25 19:01:15'),
(94, 1, 1, 7, 0, '2014-05-25 19:01:27'),
(95, 1, 1, 7, 0, '2014-05-25 19:02:50'),
(96, 1, 1, 7, 0, '2014-05-25 19:04:13'),
(97, 1, 1, 7, 0, '2014-05-25 19:04:41'),
(98, 1, 1, 7, 0, '2014-05-25 19:05:00'),
(99, 1, 1, 7, 0, '2014-05-25 19:05:47'),
(100, 1, 1, 7, 0, '2014-05-25 19:06:14'),
(101, 1, 1, 7, 0, '2014-05-25 19:06:46'),
(102, 1, 1, 7, 0, '2014-05-25 19:07:41'),
(103, 1, 1, 7, 0, '2014-05-25 19:09:16'),
(104, 1, 1, 7, 0, '2014-05-25 19:13:57'),
(105, 1, 1, 7, 0, '2014-05-25 19:14:48'),
(106, 1, 1, 7, 0, '2014-05-25 19:15:05'),
(107, 1, 1, 7, 0, '2014-05-25 19:15:47'),
(108, 1, 1, 7, 0, '2014-05-25 19:16:40'),
(109, 1, 1, 7, 0, '2014-05-25 19:18:07'),
(110, 1, 1, 7, 0, '2014-05-25 19:19:50'),
(111, 1, 1, 7, 0, '2014-05-25 19:20:09'),
(112, 1, 1, 7, 0, '2014-05-25 19:20:19'),
(113, 1, 1, 7, 0, '2014-05-25 19:20:32'),
(114, 1, 1, 7, 0, '2014-05-25 19:21:02'),
(115, 1, 1, 7, 0, '2014-05-25 20:51:17'),
(116, 1, 1, 7, 0, '2014-05-25 21:01:51'),
(117, 1, 1, 7, 0, '2014-05-25 21:02:46'),
(118, 1, 1, 7, 0, '2014-05-25 21:03:14'),
(119, 1, 1, 7, 0, '2014-05-25 21:07:43'),
(120, 1, 1, 7, 0, '2014-05-25 21:09:01'),
(121, 1, 1, 7, 0, '2014-05-25 21:09:54'),
(122, 1, 1, 7, 0, '2014-05-25 21:11:06'),
(123, 1, 1, 7, 0, '2014-05-25 21:11:31'),
(124, 1, 1, 7, 0, '2014-05-25 21:12:17'),
(125, 1, 1, 7, 0, '2014-05-25 21:12:31'),
(126, 1, 1, 7, 0, '2014-05-25 21:14:09'),
(127, 1, 1, 7, 0, '2014-05-25 21:15:22'),
(128, 1, 1, 7, 0, '2014-05-25 21:16:10'),
(129, 1, 1, 7, 0, '2014-05-25 21:21:36'),
(130, 1, 1, 7, 0, '2014-05-25 21:23:34'),
(131, 1, 1, 7, 0, '2014-05-25 21:23:45'),
(132, 1, 1, 7, 0, '2014-05-25 21:25:26'),
(133, 1, 1, 7, 0, '2014-05-25 21:26:02'),
(134, 1, 1, 7, 0, '2014-05-25 21:26:53'),
(135, 1, 1, 7, 0, '2014-05-25 21:27:49'),
(136, 1, 1, 7, 0, '2014-05-25 21:29:08'),
(137, 1, 1, 7, 0, '2014-05-25 21:29:33'),
(138, 1, 1, 7, 0, '2014-05-25 21:30:02'),
(139, 1, 1, 7, 0, '2014-05-25 21:30:49'),
(140, 1, 1, 7, 0, '2014-05-25 21:31:41'),
(141, 1, 1, 7, 0, '2014-05-25 21:32:27'),
(142, 1, 1, 7, 0, '2014-05-25 21:33:22'),
(143, 1, 1, 7, 0, '2014-05-25 21:33:59'),
(144, 1, 1, 7, 0, '2014-05-25 21:35:01'),
(145, 1, 1, 7, 0, '2014-05-25 21:35:08'),
(146, 1, 1, 7, 0, '2014-05-25 21:50:47'),
(147, 1, 1, 7, 0, '2014-05-25 21:53:17'),
(148, 1, 1, 7, 0, '2014-05-25 21:53:46'),
(149, 1, 1, 7, 0, '2014-05-25 21:54:36'),
(150, 1, 1, 7, 0, '2014-05-25 21:54:49'),
(151, 1, 1, 7, 0, '2014-05-25 21:55:35'),
(152, 1, 1, 7, 0, '2014-05-25 21:57:14'),
(153, 1, 1, 7, 0, '2014-05-25 21:59:25'),
(154, 1, 1, 7, 0, '2014-05-25 21:59:58'),
(155, 1, 1, 7, 0, '2014-05-25 22:00:37'),
(156, 1, 1, 7, 0, '2014-05-25 22:01:23'),
(157, 1, 1, 7, 0, '2014-05-25 22:08:44'),
(158, 1, 1, 7, 0, '2014-05-25 22:08:55'),
(159, 1, 1, 7, 0, '2014-05-25 22:11:57'),
(160, 1, 1, 7, 0, '2014-05-25 22:14:17'),
(161, 1, 1, 7, 0, '2014-05-25 22:15:39'),
(162, 1, 1, 7, 0, '2014-05-25 22:29:30'),
(163, 1, 1, 7, 0, '2014-05-25 22:32:31'),
(164, 1, 1, 7, 0, '2014-05-25 22:32:44'),
(165, 1, 1, 7, 0, '2014-05-25 22:33:27'),
(166, 1, 1, 7, 0, '2014-05-25 22:35:25'),
(167, 1, 1, 7, 0, '2014-05-25 22:36:54'),
(168, 1, 1, 7, 0, '2014-05-25 22:38:12'),
(169, 1, 1, 7, 0, '2014-05-25 22:38:57'),
(170, 1, 1, 7, 0, '2014-05-25 22:40:22'),
(171, 1, 1, 7, 0, '2014-05-25 22:41:46'),
(172, 1, 1, 7, 0, '2014-05-25 22:42:43'),
(173, 1, 1, 6, 0, '2014-05-25 22:43:44'),
(174, 1, 1, 6, 17, '2014-05-25 22:43:46'),
(175, 1, 1, 7, 0, '2014-05-25 22:44:20'),
(176, 1, 1, 6, 4, '2014-05-25 22:44:46'),
(177, 1, 1, 7, 0, '2014-05-25 22:45:45'),
(178, 1, 1, 7, 0, '2014-05-25 22:51:50'),
(179, 1, 1, 7, 0, '2014-05-25 22:52:04'),
(180, 1, 1, 7, 0, '2014-05-25 22:52:26'),
(181, 1, 1, 7, 0, '2014-05-25 22:53:00'),
(182, 1, 1, 7, 0, '2014-05-25 22:53:33'),
(183, 1, 1, 7, 0, '2014-05-25 22:54:03'),
(184, 1, 1, 7, 0, '2014-05-25 22:54:24'),
(185, 1, 1, 7, 0, '2014-05-25 22:55:07'),
(186, 1, 1, 7, 0, '2014-05-25 23:02:35'),
(187, 1, 1, 7, 0, '2014-05-25 23:06:37'),
(188, 1, 1, 7, 0, '2014-05-25 23:07:57'),
(189, 1, 1, 7, 0, '2014-05-25 23:08:09'),
(190, 1, 1, 7, 0, '2014-05-25 23:08:35'),
(191, 1, 1, 7, 0, '2014-05-25 23:13:30'),
(192, 1, 1, 7, 0, '2014-05-25 23:14:25'),
(193, 1, 1, 7, 0, '2014-05-25 23:14:51'),
(194, 1, 1, 7, 0, '2014-05-25 23:16:27'),
(195, 1, 1, 7, 0, '2014-05-25 23:18:11'),
(196, 1, 1, 7, 0, '2014-05-25 23:18:56'),
(197, 1, 1, 7, 0, '2014-05-25 23:19:15'),
(198, 1, 1, 7, 0, '2014-05-25 23:19:37'),
(199, 1, 1, 7, 0, '2014-05-25 23:20:29'),
(200, 1, 1, 7, 0, '2014-05-25 23:20:58'),
(201, 1, 1, 7, 0, '2014-05-25 23:21:12'),
(202, 1, 1, 7, 0, '2014-05-25 23:22:34'),
(203, 1, 1, 7, 0, '2014-05-25 23:24:05'),
(204, 1, 1, 7, 0, '2014-05-25 23:25:17'),
(205, 1, 1, 7, 0, '2014-05-25 23:26:58'),
(206, 1, 1, 7, 0, '2014-05-25 23:27:45'),
(207, 1, 1, 7, 0, '2014-05-25 23:28:36'),
(208, 1, 1, 7, 0, '2014-05-25 23:28:41'),
(209, 1, 1, 7, 0, '2014-05-25 23:28:49'),
(210, 1, 1, 7, 0, '2014-05-25 23:33:42'),
(211, 1, 1, 7, 0, '2014-05-25 23:33:53'),
(212, 1, 1, 7, 0, '2014-05-25 23:34:51'),
(213, 1, 1, 0, 0, '2014-05-26 18:42:54'),
(214, 1, 1, 7, 0, '2014-05-26 18:43:02'),
(215, 1, 1, 7, 0, '2014-05-26 18:48:24'),
(216, 1, 1, 7, 0, '2014-05-26 18:49:13'),
(217, 1, 1, 7, 0, '2014-05-26 18:58:50'),
(218, 1, 1, 7, 0, '2014-05-26 18:59:18'),
(219, 1, 1, 7, 0, '2014-05-26 19:05:28'),
(220, 1, 1, 7, 0, '2014-05-26 19:24:54'),
(221, 1, 1, 7, 0, '2014-05-26 19:26:00'),
(222, 1, 1, 7, 0, '2014-05-26 19:28:27'),
(223, 1, 1, 7, 0, '2014-05-26 19:29:46'),
(224, 1, 1, 7, 0, '2014-05-26 19:31:08'),
(225, 1, 1, 7, 0, '2014-05-26 19:31:47'),
(226, 1, 1, 7, 0, '2014-05-26 19:32:49'),
(227, 1, 1, 7, 0, '2014-05-26 19:33:17'),
(228, 1, 1, 7, 0, '2014-05-26 19:34:09'),
(229, 1, 1, 7, 0, '2014-05-26 19:35:02'),
(230, 1, 1, 7, 0, '2014-05-26 19:37:58'),
(231, 1, 1, 7, 0, '2014-05-26 19:38:38'),
(232, 1, 1, 7, 0, '2014-05-26 19:39:08'),
(233, 1, 1, 7, 0, '2014-05-26 19:40:20'),
(234, 4, 1, 0, 0, '2014-05-26 19:42:00'),
(235, 4, 1, 0, 0, '2014-05-26 19:43:04'),
(236, 4, 1, 0, 0, '2014-05-26 19:43:39'),
(237, 4, 1, 0, 0, '2014-05-26 19:44:34'),
(238, 4, 1, 0, 0, '2014-05-26 19:44:47'),
(239, 4, 1, 0, 0, '2014-05-26 19:46:07'),
(240, 4, 1, 0, 0, '2014-05-26 19:47:53'),
(241, 4, 1, 1, 4, '2014-05-26 19:48:18'),
(242, 4, 1, 1, 4, '2014-05-26 19:48:49'),
(243, 4, 1, 1, 4, '2014-05-26 19:50:00'),
(244, 4, 1, 2, 0, '2014-05-26 19:50:09'),
(245, 4, 1, 2, 0, '2014-05-26 19:51:55'),
(246, 4, 1, 0, 0, '2014-05-26 19:52:01'),
(247, 4, 1, 2, 0, '2014-05-26 19:52:04'),
(248, 4, 1, 0, 0, '2014-05-26 19:52:41'),
(249, 4, 1, 7, 0, '2014-05-26 19:52:43'),
(250, 4, 1, 7, 0, '2014-05-26 19:58:42'),
(251, 1, 1, 7, 0, '2014-05-26 19:59:58'),
(252, 4, 1, 7, 0, '2014-05-26 20:00:23'),
(253, 4, 1, 7, 0, '2014-05-26 20:02:42'),
(254, 4, 1, 7, 0, '2014-05-26 20:03:16'),
(255, 4, 1, 2, 0, '2014-05-26 20:03:40'),
(256, 2, 1, 0, 0, '2014-05-27 18:52:47'),
(257, 4, 1, 0, 0, '2014-05-27 18:57:34'),
(258, 4, 1, 8, 0, '2014-05-27 18:57:39'),
(259, 4, 1, 8, 0, '2014-05-27 19:03:54'),
(260, 4, 1, 8, 0, '2014-05-27 19:04:06'),
(261, 2, 1, 0, 0, '2014-05-27 19:04:13'),
(262, 2, 1, 8, 0, '2014-05-27 19:04:15'),
(263, 2, 1, 2, 0, '2014-05-27 19:04:48'),
(264, 2, 1, 2, 0, '2014-05-27 19:05:28'),
(265, 2, 1, 8, 0, '2014-05-27 19:05:29'),
(266, 2, 1, 8, 0, '2014-05-27 19:05:41'),
(267, 2, 1, 8, 0, '2014-05-27 19:07:16'),
(268, 2, 1, 8, 0, '2014-05-27 20:42:49'),
(269, 2, 1, 8, 0, '2014-05-27 20:43:04'),
(270, 2, 1, 6, 0, '2014-05-27 20:43:12'),
(271, 2, 1, 6, 17, '2014-05-27 20:43:16'),
(272, 2, 1, 2, 17, '2014-05-27 20:43:18'),
(273, 2, 1, 6, 17, '2014-05-27 20:43:20'),
(274, 2, 1, 6, 0, '2014-05-27 20:43:49'),
(275, 2, 1, 6, 4, '2014-05-27 20:43:52'),
(276, 2, 1, 8, 0, '2014-05-27 20:44:14'),
(277, 2, 1, 8, 0, '2014-05-27 20:45:04'),
(278, 2, 1, 8, 0, '2014-05-27 20:45:39'),
(279, 2, 1, 8, 0, '2014-05-27 20:46:34'),
(280, 2, 1, 6, 0, '2014-05-27 20:59:06'),
(281, 2, 1, 6, 6, '2014-05-27 20:59:07'),
(282, 2, 1, 6, 0, '2014-05-27 20:59:16'),
(283, 2, 1, 6, 10, '2014-05-27 20:59:18'),
(284, 2, 1, 2, 0, '2014-05-27 20:59:39'),
(285, 2, 1, 8, 0, '2014-05-27 20:59:41'),
(286, 2, 1, 8, 0, '2014-05-27 21:01:35'),
(287, 2, 1, 8, 31, '2014-05-27 21:06:23'),
(288, 2, 1, 8, 0, '2014-05-27 21:06:23'),
(289, 2, 1, 8, 31, '2014-05-27 21:06:26'),
(290, 2, 1, 8, 0, '2014-05-27 21:06:26'),
(291, 2, 1, 8, 31, '2014-05-27 21:06:27'),
(292, 2, 1, 8, 0, '2014-05-27 21:06:27'),
(293, 2, 1, 8, 31, '2014-05-27 21:06:28'),
(294, 2, 1, 8, 0, '2014-05-27 21:06:28'),
(295, 2, 1, 8, 31, '2014-05-27 21:06:59'),
(296, 2, 1, 6, 10, '2014-05-27 21:06:59'),
(297, 10, 1, 0, 0, '2014-05-27 21:07:12'),
(298, 10, 1, 1, 10, '2014-05-27 21:07:16'),
(299, 10, 1, 8, 0, '2014-05-27 21:07:18'),
(300, 2, 1, 8, 31, '2014-05-27 21:31:26'),
(301, 2, 1, 6, 10, '2014-05-27 21:31:26'),
(302, 2, 1, 8, 0, '2014-05-27 21:31:40'),
(303, 2, 1, 8, 30, '2014-05-27 21:31:42'),
(304, 2, 1, 6, 4, '2014-05-27 21:31:42'),
(305, 2, 1, 8, 30, '2014-05-27 21:32:33'),
(306, 2, 1, 6, 4, '2014-05-27 21:32:33'),
(307, 2, 1, 8, 30, '2014-05-27 21:33:57'),
(308, 2, 1, 6, 4, '2014-05-27 21:33:57'),
(309, 2, 1, 8, 30, '2014-05-27 21:35:07'),
(310, 2, 1, 6, 4, '2014-05-27 21:35:07'),
(311, 2, 1, 8, 30, '2014-05-27 21:38:13'),
(312, 2, 1, 6, 4, '2014-05-27 21:38:13'),
(313, 2, 1, 8, 30, '2014-05-27 21:47:50'),
(314, 2, 1, 6, 4, '2014-05-27 21:47:50'),
(315, 2, 1, 8, 30, '2014-05-27 21:48:00'),
(316, 2, 1, 6, 4, '2014-05-27 21:48:00'),
(317, 2, 1, 8, 30, '2014-05-27 21:48:37'),
(318, 2, 1, 6, 4, '2014-05-27 21:48:37'),
(319, 2, 1, 8, 30, '2014-05-27 21:49:48'),
(320, 2, 1, 6, 4, '2014-05-27 21:49:49'),
(321, 2, 1, 8, 30, '2014-05-27 21:50:25'),
(322, 2, 1, 6, 4, '2014-05-27 21:50:25'),
(323, 2, 1, 8, 30, '2014-05-27 21:51:00'),
(324, 2, 1, 6, 4, '2014-05-27 21:51:00'),
(325, 2, 1, 8, 30, '2014-05-27 21:51:31'),
(326, 2, 1, 6, 4, '2014-05-27 21:51:31'),
(327, 2, 1, 8, 30, '2014-05-27 21:52:45'),
(328, 2, 1, 6, 4, '2014-05-27 21:52:45'),
(329, 2, 1, 8, 30, '2014-05-27 21:55:24'),
(330, 2, 1, 6, 4, '2014-05-27 21:55:24'),
(331, 2, 1, 8, 30, '2014-05-27 21:56:48'),
(332, 2, 1, 6, 4, '2014-05-27 21:56:48'),
(333, 2, 1, 8, 0, '2014-05-27 21:57:47'),
(334, 2, 1, 8, 30, '2014-05-27 21:57:50'),
(335, 2, 1, 6, 4, '2014-05-27 21:57:50'),
(336, 2, 1, 8, 30, '2014-05-27 21:59:29'),
(337, 2, 1, 6, 4, '2014-05-27 21:59:29'),
(338, 2, 1, 8, 0, '2014-05-27 21:59:46'),
(339, 2, 1, 8, 0, '2014-05-27 22:01:41'),
(340, 2, 1, 8, 31, '2014-05-27 22:02:06'),
(341, 2, 1, 6, 10, '2014-05-27 22:02:06'),
(342, 2, 1, 8, 32, '2014-05-27 22:02:13'),
(343, 2, 1, 8, 0, '2014-05-27 22:02:13'),
(344, 2, 1, 8, 30, '2014-05-27 22:02:16'),
(345, 2, 1, 6, 4, '2014-05-27 22:02:16'),
(346, 2, 1, 8, 0, '2014-05-27 22:02:23'),
(347, 2, 1, 8, 0, '2014-05-27 22:03:32'),
(348, 2, 1, 6, 0, '2014-05-27 22:04:09'),
(349, 2, 1, 6, 5, '2014-05-27 22:04:13'),
(350, 2, 1, 8, 0, '2014-05-27 22:04:29'),
(351, 2, 1, 8, 0, '2014-05-27 22:04:34'),
(352, 2, 1, 8, 0, '2014-05-27 22:05:25'),
(353, 2, 1, 8, 32, '2014-05-27 22:06:11'),
(354, 2, 1, 6, 5, '2014-05-27 22:06:11'),
(355, 2, 1, 8, 0, '2014-05-27 22:06:21'),
(356, 2, 1, 8, 32, '2014-05-27 22:06:36'),
(357, 2, 1, 6, 5, '2014-05-27 22:06:36'),
(358, 2, 1, 8, 0, '2014-05-27 22:06:44'),
(359, 2, 1, 8, 0, '2014-05-27 22:07:35'),
(360, 2, 1, 8, 0, '2014-05-27 22:10:11'),
(361, 2, 1, 8, 0, '2014-05-27 22:10:23'),
(362, 2, 1, 8, 0, '2014-05-27 22:11:06'),
(363, 2, 1, 8, 0, '2014-05-27 22:11:49'),
(364, 2, 1, 8, 31, '2014-05-27 22:11:56'),
(365, 2, 1, 6, 10, '2014-05-27 22:11:56'),
(366, 2, 1, 8, 0, '2014-05-27 22:12:01'),
(367, 2, 1, 8, 0, '2014-05-27 22:12:20'),
(368, 2, 1, 8, 0, '2014-05-27 22:13:12'),
(369, 2, 1, 8, 32, '2014-05-27 22:13:14'),
(370, 2, 1, 6, 5, '2014-05-27 22:13:14'),
(371, 2, 1, 8, 32, '2014-05-27 22:14:57'),
(372, 2, 1, 8, 32, '2014-05-27 22:15:18'),
(373, 2, 1, 6, 5, '2014-05-27 22:15:18'),
(374, 2, 1, 8, 0, '2014-05-27 22:15:48'),
(375, 2, 1, 8, 31, '2014-05-27 22:15:50'),
(376, 2, 1, 6, 10, '2014-05-27 22:15:50'),
(377, 10, 1, 0, 0, '2014-05-27 22:16:03'),
(378, 10, 1, 8, 0, '2014-05-27 22:16:15'),
(379, 2, 1, 8, 0, '2014-05-27 22:16:23'),
(380, 2, 1, 8, 32, '2014-05-27 22:21:05'),
(381, 2, 1, 6, 5, '2014-05-27 22:21:05'),
(382, 5, 1, 0, 0, '2014-05-27 22:22:24'),
(383, 5, 1, 8, 0, '2014-05-27 22:22:34'),
(384, 2, 1, 8, 0, '2014-05-27 22:23:06'),
(385, 2, 1, 8, 32, '2014-05-27 22:23:08'),
(386, 2, 1, 6, 5, '2014-05-27 22:23:08'),
(387, 2, 1, 8, 32, '2014-05-27 22:49:27'),
(388, 2, 1, 6, 5, '2014-05-27 22:49:27'),
(389, 2, 1, 8, 0, '2014-05-27 22:49:29'),
(390, 2, 1, 8, 32, '2014-05-27 22:49:47'),
(391, 2, 1, 6, 5, '2014-05-27 22:49:47'),
(392, 2, 1, 2, 0, '2014-05-27 22:49:56'),
(393, 2, 1, 8, 0, '2014-05-27 22:49:57'),
(394, 2, 1, 8, 32, '2014-05-27 22:49:59'),
(395, 2, 1, 6, 5, '2014-05-27 22:49:59'),
(396, 2, 1, 8, 32, '2014-05-27 22:52:20'),
(397, 2, 1, 6, 5, '2014-05-27 22:52:20'),
(398, 2, 1, 8, 32, '2014-05-27 23:03:08'),
(399, 2, 1, 6, 5, '2014-05-27 23:03:08'),
(400, 2, 1, 8, 32, '2014-05-27 23:04:17'),
(401, 2, 1, 6, 5, '2014-05-27 23:04:18'),
(402, 2, 1, 0, 0, '2014-05-28 19:33:08'),
(403, 2, 1, 0, 0, '2014-05-28 19:34:04'),
(404, 2, 1, 0, 0, '2014-05-28 19:35:30'),
(405, 2, 1, 8, 0, '2014-05-28 19:41:44'),
(406, 2, 1, 8, 0, '2014-05-28 19:43:45'),
(407, 2, 1, 8, 32, '2014-05-28 19:43:51'),
(408, 2, 1, 6, 5, '2014-05-28 19:43:52'),
(409, 2, 1, 8, 32, '2014-05-28 19:52:49'),
(410, 2, 1, 6, 5, '2014-05-28 19:52:49'),
(411, 2, 1, 8, 32, '2014-05-28 19:59:13'),
(412, 2, 1, 6, 5, '2014-05-28 19:59:13'),
(413, 2, 1, 8, 32, '2014-05-28 20:15:13'),
(414, 2, 1, 6, 5, '2014-05-28 20:15:13'),
(415, 2, 1, 8, 32, '2014-05-28 20:17:09'),
(416, 2, 1, 6, 5, '2014-05-28 20:17:09'),
(417, 2, 1, 8, 32, '2014-05-28 20:17:47'),
(418, 2, 1, 6, 5, '2014-05-28 20:17:47'),
(419, 2, 1, 8, 32, '2014-05-28 20:21:28'),
(420, 2, 1, 6, 5, '2014-05-28 20:21:28'),
(421, 2, 1, 8, 32, '2014-05-28 20:27:32'),
(422, 2, 1, 6, 5, '2014-05-28 20:27:32'),
(423, 2, 1, 8, 32, '2014-05-28 21:35:51'),
(424, 2, 1, 6, 5, '2014-05-28 21:35:51'),
(425, 2, 1, 0, 0, '2014-05-28 21:37:09'),
(426, 10, 1, 0, 0, '2014-05-28 21:40:24'),
(427, 10, 1, 8, 0, '2014-05-28 21:40:30'),
(428, 2, 1, 0, 0, '2014-05-28 21:40:39'),
(429, 2, 1, 8, 0, '2014-05-28 21:40:42'),
(430, 2, 1, 8, 32, '2014-05-28 21:40:50'),
(431, 2, 1, 6, 5, '2014-05-28 21:40:50'),
(432, 5, 1, 0, 0, '2014-05-28 21:41:12'),
(433, 5, 1, 0, 0, '2014-05-28 21:41:23'),
(434, 5, 1, 8, 0, '2014-05-28 21:41:29'),
(435, 2, 1, 0, 0, '2014-05-28 21:42:46'),
(436, 2, 1, 8, 0, '2014-05-28 21:42:48'),
(437, 5, 1, 8, 0, '2014-05-28 21:42:59'),
(438, 2, 1, 8, 0, '2014-05-28 21:43:02'),
(439, 2, 1, 8, 32, '2014-05-28 21:43:06'),
(440, 2, 1, 6, 5, '2014-05-28 21:43:06'),
(441, 2, 1, 8, 32, '2014-05-28 21:45:06'),
(442, 2, 1, 6, 5, '2014-05-28 21:45:06'),
(443, 5, 1, 8, 0, '2014-05-28 21:45:15'),
(444, 2, 1, 8, 32, '2014-05-28 21:45:19'),
(445, 2, 1, 6, 5, '2014-05-28 21:45:19'),
(446, 2, 1, 8, 32, '2014-05-28 21:46:45'),
(447, 2, 1, 6, 5, '2014-05-28 21:46:45'),
(448, 2, 1, 8, 32, '2014-05-28 21:51:20'),
(449, 2, 1, 6, 5, '2014-05-28 21:51:20'),
(450, 5, 1, 8, 0, '2014-05-28 21:51:25'),
(451, 5, 1, 8, 0, '2014-05-28 21:51:53'),
(452, 2, 1, 8, 32, '2014-05-28 21:54:28'),
(453, 2, 1, 6, 5, '2014-05-28 21:54:28'),
(454, 5, 1, 8, 0, '2014-05-28 21:54:33'),
(455, 2, 1, 8, 32, '2014-05-28 21:54:58'),
(456, 2, 1, 6, 5, '2014-05-28 21:54:58'),
(457, 5, 1, 8, 0, '2014-05-28 21:55:00'),
(458, 1, 1, 0, 0, '2014-05-31 13:17:29'),
(459, 1, 1, 7, 0, '2014-05-31 13:18:17'),
(460, 1, 1, 5, 0, '2014-05-31 19:04:47'),
(461, 1, 1, 7, 0, '2014-05-31 19:21:41'),
(462, 1, 1, 7, 0, '2014-05-31 19:33:50'),
(463, 1, 1, 7, 0, '2014-05-31 19:34:38'),
(464, 1, 1, 7, 0, '2014-05-31 19:35:42'),
(465, 1, 1, 7, 0, '2014-05-31 19:36:32'),
(466, 1, 1, 2, 0, '2014-05-31 20:19:31'),
(467, 1, 1, 6, 4, '2014-05-31 22:05:17'),
(468, 1, 1, 6, 0, '2014-05-31 22:09:01'),
(469, 1, 1, 6, 17, '2014-05-31 22:09:45'),
(470, 2, 1, 0, 0, '2014-06-01 16:11:57'),
(471, 2, 1, 0, 0, '2014-06-01 16:11:57'),
(472, 1, 1, 0, 0, '2014-06-01 18:26:21'),
(473, 1, 1, 7, 0, '2014-06-01 18:27:54'),
(474, 1, 1, 6, 0, '2014-06-01 19:05:39'),
(475, 1, 1, 6, 17, '2014-06-01 19:05:40'),
(476, 1, 1, 0, 0, '2014-06-03 07:32:59'),
(477, 1, 1, 7, 0, '2014-06-03 07:36:36'),
(478, 2, 1, 0, 0, '2014-06-03 07:38:26'),
(479, 2, 1, 6, 0, '2014-06-03 07:38:29'),
(480, 2, 1, 6, 17, '2014-06-03 07:38:31'),
(481, 2, 1, 6, 0, '2014-06-03 07:38:36'),
(482, 2, 1, 6, 10, '2014-06-03 07:38:37'),
(483, 2, 1, 8, 0, '2014-06-03 07:39:54'),
(484, 2, 1, 6, 0, '2014-06-03 07:39:58'),
(485, 2, 1, 6, 10, '2014-06-03 07:40:00'),
(486, 2, 1, 8, 0, '2014-06-03 07:40:12'),
(487, 2, 1, 8, 33, '2014-06-03 07:40:15'),
(488, 2, 1, 6, 10, '2014-06-03 07:40:15'),
(489, 2, 1, 6, 0, '2014-06-03 07:43:54'),
(490, 2, 1, 6, 0, '2014-06-03 07:43:54'),
(491, 2, 1, 2, 0, '2014-06-03 08:44:21'),
(492, 1, 1, 0, 0, '2014-06-06 14:53:59'),
(493, 1, 1, 5, 0, '2014-06-06 14:54:05'),
(494, 1, 1, 6, 0, '2014-06-06 14:54:07'),
(495, 2, 1, 0, 0, '2014-06-06 14:54:20'),
(496, 2, 1, 0, 0, '2014-06-06 14:55:29'),
(497, 2, 1, 0, 0, '2014-06-06 14:57:59'),
(498, 2, 1, 0, 0, '2014-06-06 14:58:21'),
(499, 2, 1, 6, 0, '2014-06-06 14:58:38'),
(500, 2, 1, 0, 0, '2014-06-06 14:59:07'),
(501, 2, 1, 2, 0, '2014-06-06 14:59:14'),
(502, 2, 1, 2, 0, '2014-06-06 14:59:19'),
(503, 2, 1, 2, 0, '2014-06-06 15:00:23'),
(504, 2, 1, 2, 0, '2014-06-06 15:01:23'),
(505, 2, 1, 0, 0, '2014-06-06 15:01:27'),
(506, 2, 1, 2, 0, '2014-06-06 15:01:31'),
(507, 2, 1, 6, 0, '2014-06-06 15:01:39'),
(508, 2, 1, 6, 0, '2014-06-06 18:33:03'),
(509, 2, 1, 6, 17, '2014-06-06 18:33:04'),
(510, 2, 1, 6, 0, '2014-06-06 18:33:59'),
(511, 2, 1, 6, 10, '2014-06-06 18:34:01'),
(512, 2, 1, 6, 0, '2014-06-06 18:35:04'),
(513, 2, 1, 6, 10, '2014-06-06 18:35:05'),
(514, 2, 1, 1, 0, '2014-06-06 23:53:25'),
(515, 2, 1, 8, 0, '2014-06-06 23:53:28'),
(516, 1, 1, 0, 0, '2014-06-09 19:12:52'),
(517, 1, 1, 7, 0, '2014-06-09 19:12:57'),
(518, 1, 1, 1, 0, '2014-06-09 19:13:13'),
(519, 1, 1, 1, 0, '2014-06-09 19:13:57'),
(520, 1, 1, 1, 5, '2014-06-09 19:14:04'),
(521, 1, 1, 1, 0, '2014-06-09 19:26:01'),
(522, 1, 1, 1, 0, '2014-06-09 19:26:04'),
(523, 1, 1, 1, 5, '2014-06-09 19:26:19'),
(524, 1, 1, 1, 5, '2014-06-09 19:28:04'),
(525, 1, 1, 1, 5, '2014-06-09 19:29:15'),
(526, 1, 1, 1, 5, '2014-06-09 19:29:20'),
(527, 1, 1, 1, 5, '2014-06-09 19:39:42'),
(528, 1, 1, 2, 0, '2014-06-09 19:46:38'),
(529, 1, 1, 6, 0, '2014-06-09 19:46:41'),
(530, 1, 1, 6, 4, '2014-06-09 19:49:23'),
(531, 1, 1, 6, 4, '2014-06-09 19:49:25'),
(532, 1, 1, 6, 4, '2014-06-09 19:50:04'),
(533, 1, 1, 6, 4, '2014-06-09 19:51:12'),
(534, 1, 1, 6, 4, '2014-06-09 19:51:19'),
(535, 1, 1, 6, 4, '2014-06-09 19:53:51'),
(536, 1, 1, 6, 4, '2014-06-09 19:55:47'),
(537, 1, 1, 6, 4, '2014-06-09 19:58:56'),
(538, 1, 1, 6, 4, '2014-06-09 19:59:58'),
(539, 1, 1, 6, 4, '2014-06-09 20:02:53'),
(540, 1, 1, 6, 4, '2014-06-09 20:43:15'),
(541, 1, 1, 0, 0, '2014-06-09 20:49:11'),
(542, 1, 1, 0, 0, '2014-06-09 20:50:38'),
(543, 1, 1, 0, 0, '2014-06-09 20:50:54'),
(544, 1, 1, 0, 0, '2014-06-09 20:51:34'),
(545, 1, 1, 0, 0, '2014-06-09 20:52:36'),
(546, 1, 1, 0, 0, '2014-06-09 20:57:38'),
(547, 1, 1, 0, 0, '2014-06-09 20:59:12'),
(548, 1, 1, 0, 0, '2014-06-09 21:03:10'),
(549, 1, 1, 0, 0, '2014-06-09 21:05:16'),
(550, 1, 1, 0, 0, '2014-06-09 21:07:45'),
(551, 1, 1, 0, 0, '2014-06-09 21:21:20'),
(552, 1, 1, 0, 0, '2014-06-10 17:56:28'),
(553, 1, 1, 6, 0, '2014-06-10 17:56:44'),
(554, 1, 1, 6, 0, '2014-06-10 18:16:56'),
(555, 1, 1, 6, 0, '2014-06-10 18:22:44'),
(556, 1, 1, 6, 17, '2014-06-10 18:22:45'),
(557, 1, 1, 0, 0, '2014-06-10 19:54:31'),
(558, 1, 1, 0, 0, '2014-06-10 19:55:57'),
(559, 1, 1, 2, 0, '2014-06-10 20:20:35'),
(560, 1, 1, 5, 0, '2014-06-10 20:20:45'),
(561, 1, 1, 7, 0, '2014-06-10 20:22:26'),
(562, 1, 1, 7, 0, '2014-06-10 20:22:37'),
(563, 1, 1, 0, 0, '2014-06-10 20:22:47'),
(564, 1, 1, 7, 0, '2014-06-10 20:22:52'),
(565, 1, 1, 7, 0, '2014-06-10 20:24:09'),
(566, 1, 1, 0, 0, '2014-06-10 20:24:24'),
(567, 1, 1, 0, 0, '2014-06-10 20:24:35'),
(568, 1, 1, 7, 0, '2014-06-10 20:24:37'),
(569, 1, 1, 0, 0, '2014-06-13 16:33:42'),
(570, 1, 1, 6, 0, '2014-06-13 16:34:23'),
(571, 1, 1, 2, 0, '2014-06-13 16:34:29'),
(572, 1, 1, 1, 0, '2014-06-13 16:34:38'),
(573, 1, 1, 5, 0, '2014-06-13 16:34:52'),
(574, 1, 1, 7, 0, '2014-06-13 16:35:12'),
(575, 1, 1, 6, 0, '2014-06-13 16:35:35'),
(576, 1, 1, 6, 17, '2014-06-13 16:35:37'),
(577, 1, 1, 2, 0, '2014-06-13 16:35:48'),
(578, 1, 1, 5, 0, '2014-06-13 16:36:51'),
(579, 1, 1, 1, 0, '2014-06-13 16:36:59'),
(580, 1, 1, 6, 0, '2014-06-13 16:37:07'),
(581, 1, 1, 2, 0, '2014-06-13 16:38:09'),
(582, 1, 1, 6, 0, '2014-06-13 16:38:28'),
(583, 1, 1, 0, 0, '2014-06-14 09:27:02'),
(584, 1, 1, 6, 0, '2014-06-14 09:27:07'),
(585, 1, 1, 6, 17, '2014-06-14 09:28:05'),
(586, 1, 1, 2, 0, '2014-06-14 09:30:11'),
(587, 1, 1, 2, 2, '2014-06-14 09:31:30'),
(588, 1, 1, 2, 2, '2014-06-14 09:31:40'),
(589, 1, 1, 2, 0, '2014-06-14 09:32:31'),
(590, 1, 1, 2, 2, '2014-06-14 09:32:32'),
(591, 1, 1, 2, 0, '2014-06-14 09:32:34'),
(592, 1, 1, 2, 14, '2014-06-14 09:32:35'),
(593, 1, 1, 2, 0, '2014-06-14 09:32:37'),
(594, 1, 1, 1, 0, '2014-06-14 09:34:19'),
(595, 1, 1, 1, 4, '2014-06-14 09:41:58'),
(596, 1, 1, 5, 0, '2014-06-14 09:45:09'),
(597, 1, 1, 7, 0, '2014-06-14 09:47:31'),
(598, 1, 1, 7, 0, '2014-06-14 09:48:15'),
(599, 2, 1, 0, 0, '2014-06-14 09:49:08'),
(600, 1, 1, 0, 0, '2014-06-14 13:34:50'),
(601, 1, 1, 7, 0, '2014-06-14 13:34:52'),
(602, 1, 1, 7, 0, '2014-06-14 13:35:17'),
(603, 1, 1, 7, 0, '2014-06-14 13:37:19'),
(604, 1, 1, 2, 0, '2014-06-14 13:39:37'),
(605, 1, 1, 7, 0, '2014-06-14 13:40:26'),
(606, 1, 1, 7, 0, '2014-06-14 13:40:32'),
(607, 1, 1, 7, 0, '2014-06-14 13:41:26'),
(608, 1, 1, 7, 0, '2014-06-14 13:42:18'),
(609, 1, 1, 7, 0, '2014-06-14 13:55:17'),
(610, 1, 1, 7, 0, '2014-06-14 13:56:00'),
(611, 1, 1, 7, 0, '2014-06-14 15:47:01'),
(612, 1, 1, 7, 0, '2014-06-14 15:48:41'),
(613, 1, 1, 7, 0, '2014-06-14 15:49:13'),
(614, 1, 1, 5, 0, '2014-06-14 16:18:30'),
(615, 1, 1, 5, 0, '2014-06-14 16:18:31'),
(616, 1, 1, 0, 0, '2014-06-14 16:21:23'),
(617, 1, 1, 0, 0, '2014-06-14 16:21:31'),
(618, 1, 1, 6, 0, '2014-06-14 16:21:34'),
(619, 1, 1, 6, 0, '2014-06-14 16:21:38'),
(620, 1, 1, 6, 0, '2014-06-14 16:21:41'),
(621, 1, 1, 2, 0, '2014-06-14 16:21:47'),
(622, 1, 1, 6, 0, '2014-06-14 16:21:49'),
(623, 1, 1, 6, 0, '2014-06-14 16:49:29'),
(624, 1, 1, 6, 0, '2014-06-14 16:49:53'),
(625, 1, 1, 6, 0, '2014-06-14 16:50:28'),
(626, 1, 1, 6, 0, '2014-06-14 16:50:30'),
(627, 1, 1, 6, 0, '2014-06-14 16:50:35'),
(628, 1, 1, 6, 0, '2014-06-14 16:50:37'),
(629, 1, 1, 6, 0, '2014-06-14 16:50:48'),
(630, 1, 1, 6, 0, '2014-06-14 16:50:49'),
(631, 1, 1, 2, 0, '2014-06-14 16:50:51'),
(632, 1, 1, 6, 0, '2014-06-14 16:50:52'),
(633, 1, 1, 6, 0, '2014-06-14 16:50:55'),
(634, 1, 1, 5, 0, '2014-06-14 16:51:44'),
(635, 1, 1, 1, 0, '2014-06-14 16:52:29'),
(636, 1, 1, 1, 0, '2014-06-14 17:12:24'),
(637, 1, 1, 2, 0, '2014-06-14 17:12:25'),
(638, 1, 1, 2, 0, '2014-06-14 17:14:53'),
(639, 1, 1, 2, 0, '2014-06-14 17:20:43'),
(640, 1, 1, 2, 0, '2014-06-14 17:20:57'),
(641, 1, 1, 2, 0, '2014-06-14 17:22:23'),
(642, 1, 1, 7, 0, '2014-06-14 17:23:17'),
(643, 1, 1, 2, 0, '2014-06-14 17:23:45'),
(644, 1, 1, 2, 0, '2014-06-14 17:25:01'),
(645, 1, 1, 2, 0, '2014-06-14 17:28:49'),
(646, 1, 1, 2, 5, '2014-06-14 17:33:55'),
(647, 1, 1, 2, 0, '2014-06-14 17:33:57'),
(648, 1, 1, 2, 14, '2014-06-14 17:38:38'),
(649, 1, 1, 2, 0, '2014-06-14 17:38:39'),
(650, 1, 1, 2, 17, '2014-06-14 17:39:46'),
(651, 1, 1, 2, 0, '2014-06-14 17:39:48'),
(652, 1, 1, 2, 14, '2014-06-14 17:39:49'),
(653, 1, 1, 2, 0, '2014-06-14 17:39:50'),
(654, 1, 1, 2, 11, '2014-06-14 17:39:51'),
(655, 1, 1, 2, 0, '2014-06-14 17:39:51'),
(656, 1, 1, 2, 3, '2014-06-14 17:39:53'),
(657, 1, 1, 2, 0, '2014-06-14 17:39:54'),
(658, 1, 1, 2, 5, '2014-06-14 17:39:56'),
(659, 1, 1, 2, 0, '2014-06-14 17:39:57'),
(660, 1, 1, 2, 2, '2014-06-14 17:40:13'),
(661, 1, 1, 2, 2, '2014-06-14 17:40:51'),
(662, 1, 1, 2, 2, '2014-06-14 17:42:02'),
(663, 1, 1, 2, 2, '2014-06-14 17:44:03'),
(664, 1, 1, 2, 2, '2014-06-14 17:44:41'),
(665, 1, 1, 2, 2, '2014-06-14 17:46:16'),
(666, 1, 1, 7, 0, '2014-06-14 17:46:47'),
(667, 1, 1, 2, 0, '2014-06-14 17:49:04'),
(668, 1, 1, 2, 0, '2014-06-14 17:49:36'),
(669, 1, 1, 6, 0, '2014-06-14 17:49:41'),
(670, 1, 1, 1, 0, '2014-06-14 17:49:47'),
(671, 1, 1, 2, 0, '2014-06-14 17:49:55'),
(672, 1, 1, 2, 0, '2014-06-14 17:50:21'),
(673, 1, 1, 6, 0, '2014-06-14 17:50:24'),
(674, 1, 1, 2, 0, '2014-06-14 17:50:26'),
(675, 2, 1, 0, 0, '2014-06-14 17:52:35'),
(676, 2, 1, 2, 0, '2014-06-14 17:52:43'),
(677, 2, 1, 1, 0, '2014-06-14 17:52:57'),
(678, 1, 1, 2, 0, '2014-06-14 19:17:25'),
(679, 1, 1, 2, 11, '2014-06-14 19:17:44'),
(680, 1, 1, 2, 11, '2014-06-14 19:17:46'),
(681, 1, 1, 0, 0, '2014-06-14 19:17:48'),
(682, 1, 1, 2, 0, '2014-06-14 19:17:51'),
(683, 1, 1, 1, 0, '2014-06-14 19:18:06'),
(684, 1, 1, 5, 0, '2014-06-14 19:18:19'),
(685, 1, 1, 7, 0, '2014-06-14 19:18:34'),
(686, 1, 1, 7, 0, '2014-06-14 19:18:44'),
(687, 1, 1, 2, 0, '2014-06-14 19:18:50'),
(688, 1, 1, 5, 0, '2014-06-14 19:18:56'),
(689, 1, 1, 1, 0, '2014-06-14 19:18:59'),
(690, 1, 1, 2, 0, '2014-06-14 19:19:00'),
(691, 1, 1, 2, 0, '2014-06-14 19:19:16'),
(692, 1, 1, 1, 0, '2014-06-14 19:25:27'),
(693, 1, 1, 1, 0, '2014-06-14 19:26:12'),
(694, 1, 1, 1, 0, '2014-06-14 20:52:51'),
(695, 1, 1, 1, 0, '2014-06-14 20:53:02'),
(696, 1, 1, 1, 0, '2014-06-14 20:54:31'),
(697, 2, 1, 0, 0, '2014-06-14 20:54:39'),
(698, 2, 1, 1, 2, '2014-06-14 20:54:42'),
(699, 2, 1, 1, 2, '2014-06-14 20:54:58'),
(700, 2, 1, 1, 2, '2014-06-14 20:56:45'),
(701, 2, 1, 1, 2, '2014-06-14 20:58:40'),
(702, 2, 1, 1, 2, '2014-06-14 20:58:50'),
(703, 2, 1, 1, 2, '2014-06-14 21:00:05'),
(704, 2, 1, 1, 2, '2014-06-14 21:08:05'),
(705, 2, 1, 1, 2, '2014-06-14 22:19:34'),
(706, 2, 1, 1, 2, '2014-06-14 22:21:19'),
(707, 2, 1, 1, 2, '2014-06-14 22:45:08'),
(708, 2, 1, 1, 2, '2014-06-14 22:49:35'),
(709, 2, 1, 1, 2, '2014-06-14 22:50:46'),
(710, 2, 1, 1, 2, '2014-06-14 23:11:06'),
(711, 2, 1, 1, 2, '2014-06-14 23:11:38'),
(712, 1, 1, 0, 0, '2014-06-14 23:30:40'),
(713, 1, 1, 1, 0, '2014-06-14 23:30:43'),
(714, 1, 1, 1, 6, '2014-06-14 23:30:46'),
(715, 1, 1, 1, 6, '2014-06-14 23:31:35'),
(716, 1, 1, 1, 6, '2014-06-14 23:32:54'),
(717, 1, 1, 1, 6, '2014-06-14 23:33:25'),
(718, 1, 1, 1, 6, '2014-06-14 23:37:19'),
(719, 1, 1, 1, 6, '2014-06-14 23:37:50'),
(720, 1, 1, 1, 6, '2014-06-14 23:38:01'),
(721, 1, 1, 1, 6, '2014-06-14 23:39:59'),
(722, 1, 1, 1, 6, '2014-06-14 23:41:33'),
(723, 1, 1, 1, 6, '2014-06-14 23:41:42'),
(724, 1, 1, 1, 6, '2014-06-14 23:42:22'),
(725, 1, 1, 1, 6, '2014-06-14 23:42:39'),
(726, 1, 1, 1, 6, '2014-06-14 23:47:55'),
(727, 1, 1, 1, 6, '2014-06-14 23:51:41'),
(728, 1, 1, 1, 6, '2014-06-14 23:54:29'),
(729, 1, 1, 1, 6, '2014-06-14 23:59:08'),
(730, 1, 1, 1, 6, '2014-06-15 00:00:16'),
(731, 1, 1, 1, 6, '2014-06-15 00:00:32'),
(732, 1, 1, 1, 6, '2014-06-15 00:01:14'),
(733, 1, 1, 1, 6, '2014-06-15 00:01:29'),
(734, 1, 1, 1, 10, '2014-06-15 00:01:34'),
(735, 1, 1, 1, 10, '2014-06-15 00:02:04'),
(736, 1, 1, 1, 10, '2014-06-15 00:02:54'),
(737, 1, 1, 1, 10, '2014-06-15 00:03:05'),
(738, 1, 1, 1, 10, '2014-06-15 00:04:18'),
(739, 1, 1, 1, 10, '2014-06-15 00:05:05'),
(740, 1, 1, 1, 10, '2014-06-15 00:05:52'),
(741, 1, 1, 1, 4, '2014-06-15 00:06:32'),
(742, 1, 1, 1, 10, '2014-06-15 00:06:38'),
(743, 1, 1, 1, 10, '2014-06-15 00:09:21'),
(744, 1, 1, 1, 2, '2014-06-15 00:09:26'),
(745, 1, 1, 1, 2, '2014-06-15 00:10:14'),
(746, 1, 1, 1, 2, '2014-06-15 00:11:03'),
(747, 1, 1, 1, 2, '2014-06-15 00:12:07'),
(748, 1, 1, 1, 2, '2014-06-15 00:12:35'),
(749, 1, 1, 1, 2, '2014-06-15 00:12:44'),
(750, 1, 1, 1, 2, '2014-06-15 00:12:52'),
(751, 1, 1, 1, 2, '2014-06-15 00:13:10'),
(752, 1, 1, 1, 2, '2014-06-15 00:13:19'),
(753, 1, 1, 1, 2, '2014-06-15 00:13:44'),
(754, 1, 1, 1, 2, '2014-06-15 00:15:02'),
(755, 1, 1, 1, 2, '2014-06-15 00:15:29'),
(756, 1, 1, 1, 2, '2014-06-15 00:16:22'),
(757, 1, 1, 1, 2, '2014-06-15 00:16:47'),
(758, 1, 1, 1, 2, '2014-06-15 00:16:58'),
(759, 1, 1, 1, 2, '2014-06-15 00:17:09'),
(760, 1, 1, 1, 2, '2014-06-15 00:17:20'),
(761, 1, 1, 1, 2, '2014-06-15 00:17:35'),
(762, 1, 1, 1, 2, '2014-06-15 00:18:10'),
(763, 1, 1, 1, 2, '2014-06-15 00:19:26'),
(764, 1, 1, 1, 2, '2014-06-15 00:20:34'),
(765, 1, 1, 1, 2, '2014-06-15 00:21:04'),
(766, 1, 1, 1, 10, '2014-06-15 00:21:44'),
(767, 1, 1, 1, 2, '2014-06-15 00:21:55'),
(768, 1, 1, 1, 2, '2014-06-15 00:22:13'),
(769, 1, 1, 1, 2, '2014-06-15 00:22:23'),
(770, 1, 1, 1, 2, '2014-06-15 00:23:25'),
(771, 1, 1, 1, 2, '2014-06-15 00:23:42'),
(772, 1, 1, 1, 2, '2014-06-15 00:24:14'),
(773, 1, 1, 1, 2, '2014-06-15 00:24:29'),
(774, 1, 1, 1, 2, '2014-06-15 00:24:43'),
(775, 1, 1, 1, 2, '2014-06-15 00:25:12'),
(776, 1, 1, 1, 10, '2014-06-15 00:27:51'),
(777, 1, 1, 1, 2, '2014-06-15 00:28:12'),
(778, 1, 1, 1, 10, '2014-06-15 00:28:25'),
(779, 1, 1, 1, 2, '2014-06-15 00:28:32'),
(780, 1, 1, 1, 10, '2014-06-15 00:28:49'),
(781, 1, 1, 1, 10, '2014-06-15 00:29:57'),
(782, 1, 1, 1, 10, '2014-06-15 00:30:09'),
(783, 1, 1, 1, 10, '2014-06-15 00:30:50'),
(784, 1, 1, 1, 10, '2014-06-15 00:32:29'),
(785, 1, 1, 1, 10, '2014-06-15 00:32:59'),
(786, 1, 1, 1, 10, '2014-06-15 00:33:18'),
(787, 1, 1, 1, 10, '2014-06-15 00:33:39'),
(788, 1, 1, 1, 10, '2014-06-15 00:33:56'),
(789, 1, 1, 1, 10, '2014-06-15 00:34:38'),
(790, 1, 1, 0, 0, '2014-06-15 21:36:57'),
(791, 1, 1, 7, 0, '2014-06-15 21:37:00'),
(792, 1, 1, 2, 0, '2014-06-15 22:30:56'),
(793, 1, 1, 2, 2, '2014-06-15 22:30:58'),
(794, 1, 1, 2, 2, '2014-06-15 22:31:19'),
(795, 1, 1, 0, 0, '2014-06-15 23:34:36'),
(796, 1, 1, 2, 0, '2014-06-15 23:34:38'),
(797, 1, 1, 2, 2, '2014-06-15 23:40:53'),
(798, 1, 1, 0, 0, '2014-06-15 23:41:20'),
(799, 1, 1, 0, 0, '2014-06-15 23:41:33'),
(800, 1, 1, 0, 0, '2014-06-15 23:49:10'),
(801, 1, 1, 0, 0, '2014-06-15 23:50:35'),
(802, 1, 1, 0, 0, '2014-06-15 23:50:55'),
(803, 1, 1, 1, 0, '2014-06-15 23:50:58'),
(804, 1, 1, 0, 0, '2014-06-15 23:53:27'),
(805, 1, 1, 0, 0, '2014-06-16 00:11:58'),
(806, 1, 1, 0, 0, '2014-06-16 00:12:21'),
(807, 1, 1, 0, 0, '2014-06-16 00:13:04'),
(808, 1, 1, 2, 0, '2014-06-16 00:13:07'),
(809, 1, 1, 2, 0, '2014-06-16 00:13:20'),
(810, 1, 1, 1, 0, '2014-06-16 00:13:21'),
(811, 1, 1, 6, 0, '2014-06-16 00:13:30'),
(812, 1, 1, 6, 0, '2014-06-16 00:20:03'),
(813, 1, 1, 6, 0, '2014-06-16 00:20:08'),
(814, 1, 1, 1, 0, '2014-06-16 00:20:13'),
(815, 1, 1, 1, 0, '2014-06-16 00:20:41'),
(816, 1, 1, 0, 0, '2014-06-16 00:21:00'),
(817, 1, 1, 2, 0, '2014-06-16 00:21:12'),
(818, 1, 1, 1, 0, '2014-06-16 00:24:21'),
(819, 1, 1, 5, 0, '2014-06-16 00:24:44'),
(820, 2, 1, 0, 0, '2014-06-17 19:15:42'),
(821, 2, 1, 0, 0, '2014-06-17 19:15:58'),
(822, 2, 1, 0, 0, '2014-06-17 19:16:42'),
(823, 2, 1, 0, 0, '2014-06-17 19:18:22'),
(824, 2, 1, 0, 0, '2014-06-17 19:19:03'),
(825, 2, 1, 0, 0, '2014-06-17 19:20:33'),
(826, 2, 1, 0, 0, '2014-06-17 19:21:59'),
(827, 1, 1, 0, 0, '2014-06-17 19:23:50'),
(828, 2, 1, 0, 0, '2014-06-17 19:25:02'),
(829, 1, 1, 0, 0, '2014-06-17 19:25:43'),
(830, 1, 1, 0, 0, '2014-06-17 19:29:07'),
(831, 1, 1, 0, 0, '2014-06-17 19:29:56'),
(832, 1, 1, 0, 0, '2014-06-17 19:31:10'),
(833, 1, 1, 0, 0, '2014-06-17 19:32:23'),
(834, 1, 1, 1, 0, '2014-06-17 19:32:31'),
(835, 1, 1, 1, 0, '2014-06-17 19:40:38'),
(836, 1, 1, 1, 0, '2014-06-17 19:53:44'),
(837, 1, 1, 0, 0, '2014-06-17 22:51:14'),
(838, 1, 1, 0, 0, '2014-06-17 23:00:40'),
(839, 1, 1, 0, 0, '2014-06-17 23:17:46'),
(840, 2, 1, 0, 0, '2014-06-17 23:17:57'),
(841, 2, 1, 8, 0, '2014-06-17 23:18:06'),
(842, 2, 1, 2, 0, '2014-06-17 23:18:49'),
(843, 2, 1, 8, 0, '2014-06-17 23:18:50'),
(844, 2, 1, 0, 0, '2014-06-17 23:20:36'),
(845, 2, 1, 8, 0, '2014-06-17 23:20:39'),
(846, 2, 1, 6, 0, '2014-06-17 23:44:17'),
(847, 2, 1, 6, 4, '2014-06-17 23:44:33'),
(848, 2, 1, 8, 0, '2014-06-17 23:44:50'),
(849, 2, 1, 8, 35, '2014-06-17 23:45:18'),
(850, 2, 1, 6, 4, '2014-06-17 23:45:18'),
(851, 2, 1, 0, 0, '2014-06-17 23:45:44'),
(852, 2, 1, 8, 0, '2014-06-17 23:45:47'),
(853, 2, 1, 8, 35, '2014-06-17 23:45:48'),
(854, 2, 1, 6, 4, '2014-06-17 23:45:48'),
(855, 2, 1, 0, 0, '2014-06-17 23:46:13'),
(856, 2, 1, 8, 0, '2014-06-17 23:46:16'),
(857, 2, 1, 8, 35, '2014-06-17 23:46:20'),
(858, 2, 1, 6, 4, '2014-06-17 23:46:20'),
(859, 2, 1, 8, 35, '2014-06-17 23:47:45'),
(860, 2, 1, 6, 4, '2014-06-17 23:47:45'),
(861, 2, 1, 8, 35, '2014-06-17 23:57:11'),
(862, 2, 1, 6, 4, '2014-06-17 23:57:11'),
(863, 2, 1, 8, 35, '2014-06-17 23:57:53'),
(864, 2, 1, 6, 4, '2014-06-17 23:57:53'),
(865, 2, 1, 8, 35, '2014-06-17 23:58:00'),
(866, 2, 1, 6, 4, '2014-06-17 23:58:00'),
(867, 2, 1, 8, 35, '2014-06-17 23:58:19'),
(868, 2, 1, 6, 4, '2014-06-17 23:58:19'),
(869, 4, 1, 0, 0, '2014-06-18 00:03:16'),
(870, 4, 1, 1, 4, '2014-06-18 00:03:22'),
(871, 4, 1, 7, 0, '2014-06-18 00:03:26'),
(872, 4, 1, 8, 0, '2014-06-18 00:03:30'),
(873, 2, 1, 8, 35, '2014-06-18 00:03:45'),
(874, 2, 1, 6, 4, '2014-06-18 00:03:46'),
(875, 4, 1, 2, 0, '2014-06-18 00:04:37'),
(876, 4, 1, 2, 2, '2014-06-18 00:04:39'),
(877, 4, 1, 2, 0, '2014-06-18 00:04:42'),
(878, 4, 1, 2, 0, '2014-06-18 00:05:45'),
(879, 4, 1, 1, 4, '2014-06-18 00:06:06'),
(880, 2, 1, 0, 0, '2014-06-18 13:42:10'),
(881, 2, 1, 2, 0, '2014-06-18 13:42:13'),
(882, 2, 1, 1, 2, '2014-06-18 13:42:17'),
(883, 4, 1, 0, 0, '2014-06-18 13:42:46'),
(884, 4, 1, 1, 4, '2014-06-18 13:42:50'),
(885, 4, 1, 8, 0, '2014-06-18 13:45:42'),
(886, 4, 1, 0, 0, '2014-06-18 13:45:57'),
(887, 2, 1, 0, 0, '2014-06-19 15:31:50'),
(888, 1, 1, 0, 0, '2014-06-19 15:32:53'),
(889, 1, 1, 1, 0, '2014-06-19 15:32:55'),
(890, 1, 1, 2, 0, '2014-06-19 15:32:57'),
(891, 1, 1, 6, 0, '2014-06-19 15:33:01'),
(892, 1, 1, 6, 0, '2014-06-19 15:33:05'),
(893, 2, 1, 0, 0, '2014-06-19 15:33:19'),
(894, 2, 1, 2, 0, '2014-06-19 15:33:20'),
(895, 2, 1, 8, 0, '2014-06-19 15:33:22'),
(896, 2, 1, 6, 0, '2014-06-19 15:33:22'),
(897, 2, 1, 0, 0, '2014-06-19 15:33:23'),
(898, 2, 1, 2, 1, '2014-06-19 15:33:33'),
(899, 2, 1, 0, 0, '2014-06-19 15:33:39'),
(900, 4, 1, 0, 0, '2014-06-19 15:33:51'),
(901, 4, 1, 2, 0, '2014-06-19 15:33:56'),
(902, 4, 1, 2, 2, '2014-06-19 15:33:57'),
(903, 2, 1, 0, 0, '2014-06-19 15:34:10'),
(904, 2, 1, 6, 10, '2014-06-19 15:34:26'),
(905, 2, 1, 6, 10, '2014-06-19 15:34:27'),
(906, 2, 1, 6, 10, '2014-06-19 15:34:28'),
(907, 10, 1, 0, 0, '2014-06-19 15:34:37'),
(908, 10, 1, 2, 0, '2014-06-19 15:34:40'),
(909, 10, 1, 2, 2, '2014-06-19 15:34:41'),
(910, 10, 1, 0, 0, '2014-06-19 15:35:00'),
(911, 2, 1, 0, 0, '2014-06-19 15:35:02'),
(912, 2, 1, 6, 10, '2014-06-19 15:35:09'),
(913, 2, 1, 6, 0, '2014-06-19 15:35:47'),
(914, 2, 1, 6, 6, '2014-06-19 15:35:49'),
(915, 2, 1, 0, 0, '2014-06-19 15:36:16'),
(916, 2, 1, 0, 0, '2014-06-19 15:36:20'),
(917, 2, 1, 6, 0, '2014-06-19 15:36:27'),
(918, 2, 1, 6, 17, '2014-06-19 15:36:32'),
(919, 2, 1, 6, 0, '2014-06-19 15:36:55'),
(920, 2, 1, 6, 4, '2014-06-19 15:36:57'),
(921, 2, 1, 0, 0, '2014-06-19 15:37:32'),
(922, 2, 1, 1, 2, '2014-06-19 15:55:43'),
(923, 2, 1, 8, 0, '2014-06-19 15:57:00'),
(924, 2, 1, 0, 0, '2014-06-19 15:58:05'),
(925, 2, 1, 2, 0, '2014-06-19 15:58:09'),
(926, 4, 1, 0, 0, '2014-06-19 15:59:33'),
(927, 4, 1, 0, 0, '2014-06-19 16:01:49'),
(928, 4, 1, 0, 0, '2014-06-19 16:02:17'),
(929, 4, 1, 1, 4, '2014-06-19 16:02:33'),
(930, 4, 1, 0, 0, '2014-06-19 16:03:24'),
(931, 4, 1, 0, 0, '2014-06-19 16:04:29'),
(932, 4, 1, 0, 0, '2014-06-19 16:06:55'),
(933, 4, 1, 8, 0, '2014-06-19 16:07:21'),
(934, 4, 1, 2, 0, '2014-06-19 16:07:25'),
(935, 4, 1, 0, 0, '2014-06-19 16:07:28'),
(936, 4, 1, 0, 0, '2014-06-19 16:09:59'),
(937, 4, 1, 0, 0, '2014-06-19 16:10:40'),
(938, 10, 1, 0, 0, '2014-06-19 17:05:23'),
(939, 1, 1, 0, 0, '2014-06-19 17:15:56'),
(940, 1, 1, 0, 0, '2014-06-19 17:16:47'),
(941, 1, 1, 2, 0, '2014-06-19 17:17:05'),
(942, 2, 1, 0, 0, '2014-06-19 17:17:16'),
(943, 2, 1, 2, 0, '2014-06-19 17:17:22'),
(944, 2, 1, 2, 1, '2014-06-19 17:17:23'),
(945, 1, 1, 0, 0, '2014-06-19 17:18:01'),
(946, 1, 1, 0, 0, '2014-06-19 17:47:51'),
(947, 1, 1, 7, 0, '2014-06-19 17:47:54'),
(948, 1, 1, 7, 0, '2014-06-19 17:48:11'),
(949, 1, 1, 7, 0, '2014-06-19 17:48:13'),
(950, 1, 1, 7, 0, '2014-06-19 18:03:44'),
(951, 1, 1, 7, 0, '2014-06-19 18:04:18'),
(952, 1, 1, 7, 0, '2014-06-19 18:04:41'),
(953, 1, 1, 7, 0, '2014-06-19 18:05:50'),
(954, 1, 1, 7, 0, '2014-06-19 18:14:02'),
(955, 1, 1, 7, 0, '2014-06-19 18:18:23'),
(956, 1, 1, 7, 0, '2014-06-19 18:19:40'),
(957, 1, 1, 7, 0, '2014-06-19 18:20:06'),
(958, 1, 1, 7, 0, '2014-06-19 18:25:15'),
(959, 1, 1, 7, 0, '2014-06-19 18:29:20'),
(960, 1, 1, 7, 0, '2014-06-19 18:34:31'),
(961, 4, 1, 0, 0, '2014-06-19 18:46:54'),
(962, 4, 1, 0, 0, '2014-06-19 18:47:54'),
(963, 1, 1, 0, 0, '2014-06-19 19:01:58'),
(964, 1, 1, 0, 0, '2014-06-19 19:05:24'),
(965, 1, 1, 6, 0, '2014-06-19 19:05:27'),
(966, 1, 1, 6, 17, '2014-06-19 19:05:28'),
(967, 1, 1, 6, 17, '2014-06-19 19:05:51'),
(968, 1, 1, 0, 0, '2014-06-19 19:22:54'),
(969, 1, 1, 5, 0, '2014-06-19 22:34:37'),
(970, 1, 1, 5, 0, '2014-06-19 22:35:54'),
(971, 1, 1, 5, 0, '2014-06-19 22:37:40'),
(972, 1, 1, 5, 0, '2014-06-19 22:37:45'),
(973, 1, 1, 5, 0, '2014-06-19 22:38:02'),
(974, 1, 1, 5, 0, '2014-06-19 22:38:42'),
(975, 1, 1, 5, 0, '2014-06-19 22:38:45'),
(976, 1, 1, 5, 0, '2014-06-19 22:38:57'),
(977, 1, 1, 5, 0, '2014-06-19 22:51:35'),
(978, 1, 1, 5, 0, '2014-06-19 22:58:17'),
(979, 1, 1, 1, 0, '2014-06-19 23:15:49'),
(980, 1, 1, 1, 4, '2014-06-19 23:15:56'),
(981, 1, 1, 1, 4, '2014-06-19 23:28:28'),
(982, 1, 1, 1, 4, '2014-06-19 23:32:12'),
(983, 1, 1, 1, 4, '2014-06-19 23:35:16'),
(984, 1, 1, 1, 4, '2014-06-19 23:35:23'),
(985, 1, 1, 1, 4, '2014-06-19 23:35:48'),
(986, 1, 1, 1, 4, '2014-06-19 23:36:20'),
(987, 1, 1, 1, 4, '2014-06-19 23:36:39'),
(988, 1, 1, 1, 4, '2014-06-19 23:38:03'),
(989, 1, 1, 1, 4, '2014-06-19 23:39:12'),
(990, 1, 1, 1, 4, '2014-06-19 23:41:09'),
(991, 1, 1, 1, 4, '2014-06-19 23:43:37'),
(992, 1, 1, 1, 4, '2014-06-19 23:46:06'),
(993, 1, 1, 1, 4, '2014-06-19 23:47:26'),
(994, 1, 1, 1, 4, '2014-06-19 23:49:33'),
(995, 1, 1, 1, 4, '2014-06-19 23:50:05'),
(996, 1, 1, 1, 4, '2014-06-19 23:51:12'),
(997, 1, 1, 1, 4, '2014-06-19 23:51:49'),
(998, 1, 1, 1, 4, '2014-06-19 23:52:03'),
(999, 1, 1, 1, 4, '2014-06-19 23:52:13'),
(1000, 1, 1, 1, 4, '2014-06-19 23:52:55'),
(1001, 1, 1, 1, 4, '2014-06-19 23:53:43'),
(1002, 1, 1, 1, 4, '2014-06-19 23:54:54'),
(1003, 1, 1, 1, 4, '2014-06-19 23:55:44'),
(1004, 1, 1, 1, 4, '2014-06-19 23:56:47'),
(1005, 1, 1, 1, 4, '2014-06-19 23:58:25'),
(1006, 1, 1, 1, 4, '2014-06-19 23:59:23'),
(1007, 1, 1, 1, 4, '2014-06-20 00:00:29'),
(1008, 1, 1, 1, 4, '2014-06-20 00:02:42'),
(1009, 1, 1, 1, 4, '2014-06-20 00:03:10'),
(1010, 1, 1, 1, 4, '2014-06-20 00:05:04'),
(1011, 1, 1, 1, 4, '2014-06-20 00:07:44'),
(1012, 1, 1, 1, 10, '2014-06-20 00:08:02'),
(1013, 1, 1, 1, 0, '2014-06-20 00:08:11'),
(1014, 1, 1, 1, 10, '2014-06-20 00:08:15'),
(1015, 1, 1, 0, 0, '2014-06-20 00:08:30'),
(1016, 1, 1, 1, 0, '2014-06-20 00:08:32'),
(1017, 1, 1, 1, 4, '2014-06-20 00:08:35'),
(1018, 1, 1, 0, 0, '2014-06-20 00:11:06'),
(1019, 1, 1, 1, 0, '2014-06-20 00:11:08'),
(1020, 1, 1, 1, 4, '2014-06-20 00:11:19'),
(1021, 1, 1, 1, 4, '2014-06-20 00:11:57'),
(1022, 1, 1, 0, 0, '2014-06-20 00:30:48'),
(1023, 1, 1, 1, 0, '2014-06-20 00:30:53'),
(1024, 1, 1, 1, 4, '2014-06-20 00:30:56'),
(1025, 1, 1, 2, 0, '2014-06-20 00:38:03'),
(1026, 1, 1, 0, 0, '2014-06-20 00:39:14'),
(1027, 1, 1, 2, 0, '2014-06-20 00:39:19'),
(1028, 1, 1, 0, 0, '2014-06-20 00:39:51'),
(1029, 1, 1, 2, 0, '2014-06-20 00:39:54'),
(1030, 1, 1, 2, 0, '2014-06-20 00:40:40'),
(1031, 1, 1, 2, 17, '2014-06-20 00:41:15'),
(1032, 1, 1, 2, 0, '2014-06-20 00:41:17'),
(1033, 1, 1, 2, 2, '2014-06-20 00:41:18'),
(1034, 1, 1, 2, 2, '2014-06-20 00:41:51'),
(1035, 1, 1, 2, 2, '2014-06-20 00:42:28'),
(1036, 10, 1, 0, 0, '2014-06-20 00:43:33'),
(1037, 2, 1, 0, 0, '2014-06-20 00:43:54'),
(1038, 2, 1, 2, 1, '2014-06-20 00:43:56'),
(1039, 1, 1, 2, 2, '2014-06-20 00:44:56'),
(1040, 1, 1, 2, 2, '2014-06-20 00:45:31'),
(1041, 1, 1, 2, 0, '2014-06-20 00:46:34'),
(1042, 1, 1, 6, 0, '2014-06-20 00:59:03'),
(1043, 2, 1, 0, 0, '2014-06-20 01:04:08'),
(1044, 2, 1, 6, 0, '2014-06-20 01:04:10'),
(1045, 2, 1, 6, 10, '2014-06-20 01:05:49'),
(1046, 2, 1, 6, 10, '2014-06-20 01:17:30'),
(1047, 2, 1, 6, 10, '2014-06-20 01:18:58'),
(1048, 2, 1, 6, 10, '2014-06-20 01:19:44'),
(1049, 2, 1, 6, 10, '2014-06-20 01:20:00'),
(1050, 2, 1, 6, 10, '2014-06-20 01:20:14'),
(1051, 2, 1, 6, 10, '2014-06-20 01:20:34'),
(1052, 2, 1, 6, 10, '2014-06-20 01:21:08'),
(1053, 2, 1, 6, 10, '2014-06-20 01:21:35'),
(1054, 2, 1, 6, 10, '2014-06-20 01:24:44'),
(1055, 2, 1, 8, 0, '2014-06-20 01:39:45'),
(1056, 2, 1, 0, 0, '2014-06-20 01:42:14'),
(1057, 2, 1, 8, 0, '2014-06-20 01:42:16'),
(1058, 2, 1, 8, 0, '2014-06-20 01:42:25'),
(1059, 2, 1, 6, 0, '2014-06-20 01:42:29'),
(1060, 2, 1, 6, 10, '2014-06-20 01:42:32'),
(1061, 1, 1, 0, 0, '2014-06-20 01:43:08'),
(1062, 2, 1, 0, 0, '2014-06-20 01:43:39'),
(1063, 2, 1, 8, 0, '2014-06-20 01:43:42'),
(1064, 4, 1, 0, 0, '2014-06-20 01:49:13'),
(1065, 4, 1, 1, 4, '2014-06-20 01:49:18'),
(1066, 4, 1, 1, 4, '2014-06-20 01:49:22'),
(1067, 4, 1, 8, 0, '2014-06-20 01:49:25'),
(1068, 4, 1, 8, 0, '2014-06-20 01:50:08'),
(1069, 4, 1, 0, 0, '2014-06-20 01:52:23'),
(1070, 4, 1, 8, 0, '2014-06-20 01:52:26'),
(1071, 4, 1, 8, 0, '2014-06-20 01:53:57'),
(1072, 4, 1, 8, 0, '2014-06-20 01:54:05'),
(1073, 4, 1, 8, 0, '2014-06-20 01:54:16'),
(1074, 4, 1, 8, 0, '2014-06-20 01:55:21'),
(1075, 2, 1, 0, 0, '2014-06-20 02:19:08'),
(1076, 2, 1, 8, 0, '2014-06-20 02:19:11'),
(1077, 2, 1, 8, 39, '2014-06-20 02:19:12'),
(1078, 2, 1, 6, 4, '2014-06-20 02:19:12'),
(1079, 2, 1, 8, 39, '2014-06-20 02:20:05'),
(1080, 2, 1, 6, 4, '2014-06-20 02:20:05'),
(1081, 2, 1, 8, 39, '2014-06-20 02:20:19'),
(1082, 2, 1, 6, 4, '2014-06-20 02:20:19'),
(1083, 2, 1, 0, 0, '2014-06-20 02:20:32'),
(1084, 2, 1, 8, 0, '2014-06-20 02:20:36'),
(1085, 2, 1, 8, 39, '2014-06-20 02:20:37'),
(1086, 2, 1, 6, 4, '2014-06-20 02:20:37'),
(1087, 2, 1, 8, 0, '2014-06-20 02:20:41'),
(1088, 2, 1, 8, 41, '2014-06-20 02:20:43'),
(1089, 2, 1, 6, 10, '2014-06-20 02:20:43'),
(1090, 2, 1, 8, 0, '2014-06-20 02:22:06'),
(1091, 2, 1, 8, 39, '2014-06-20 02:22:08'),
(1092, 2, 1, 6, 4, '2014-06-20 02:22:08'),
(1093, 2, 1, 0, 0, '2014-06-20 02:29:23'),
(1094, 4, 1, 0, 0, '2014-06-20 02:29:43'),
(1095, 4, 1, 8, 0, '2014-06-20 02:29:49'),
(1096, 2, 1, 6, 4, '2014-06-20 02:29:56'),
(1097, 2, 1, 8, 0, '2014-06-20 02:29:59'),
(1098, 2, 1, 8, 39, '2014-06-20 02:30:00'),
(1099, 2, 1, 6, 4, '2014-06-20 02:30:00'),
(1100, 4, 1, 8, 0, '2014-06-20 02:33:06'),
(1101, 2, 1, 8, 39, '2014-06-20 02:33:26'),
(1102, 2, 1, 6, 4, '2014-06-20 02:33:26'),
(1103, 2, 1, 0, 0, '2014-06-20 02:33:46'),
(1104, 2, 1, 8, 0, '2014-06-20 02:33:49'),
(1105, 4, 1, 0, 0, '2014-06-20 02:33:52'),
(1106, 2, 1, 8, 39, '2014-06-20 02:33:57'),
(1107, 2, 1, 6, 4, '2014-06-20 02:33:57'),
(1108, 4, 1, 0, 0, '2014-06-20 02:37:01'),
(1109, 2, 1, 8, 39, '2014-06-20 02:45:12'),
(1110, 2, 1, 6, 4, '2014-06-20 02:45:13'),
(1111, 4, 1, 0, 0, '2014-06-20 02:45:21'),
(1112, 2, 1, 8, 39, '2014-06-20 02:46:42'),
(1113, 2, 1, 6, 4, '2014-06-20 02:46:42'),
(1114, 1, 1, 0, 0, '2014-06-21 11:14:06'),
(1115, 1, 1, 1, 0, '2014-06-21 11:14:13'),
(1116, 1, 1, 0, 0, '2014-06-21 11:16:38'),
(1117, 1, 1, 1, 0, '2014-06-21 11:16:40'),
(1118, 1, 1, 1, 2, '2014-06-21 11:16:43'),
(1119, 1, 1, 2, 0, '2014-06-21 11:24:50'),
(1120, 1, 1, 1, 0, '2014-06-21 11:24:52'),
(1121, 1, 1, 1, 10, '2014-06-21 11:25:11'),
(1122, 1, 1, 0, 0, '2014-06-21 11:25:50'),
(1123, 1, 1, 1, 0, '2014-06-21 11:25:53'),
(1124, 1, 1, 1, 10, '2014-06-21 11:26:04'),
(1125, 1, 1, 2, 0, '2014-06-21 11:31:20'),
(1126, 1, 1, 1, 0, '2014-06-21 11:31:21'),
(1127, 1, 1, 1, 2, '2014-06-21 11:31:25'),
(1128, 1, 1, 1, 4, '2014-06-21 11:31:37'),
(1129, 1, 1, 1, 4, '2014-06-21 11:39:52'),
(1130, 1, 1, 1, 4, '2014-06-21 11:40:50'),
(1131, 1, 1, 1, 4, '2014-06-21 11:41:44'),
(1132, 1, 1, 1, 4, '2014-06-21 11:44:00'),
(1133, 1, 1, 1, 4, '2014-06-21 11:45:46'),
(1134, 1, 1, 1, 4, '2014-06-21 11:47:38'),
(1135, 1, 1, 7, 0, '2014-06-21 11:57:54'),
(1136, 1, 1, 1, 0, '2014-06-21 11:59:09'),
(1137, 1, 1, 1, 2, '2014-06-21 11:59:13'),
(1138, 1, 1, 1, 2, '2014-06-21 12:06:27'),
(1139, 1, 1, 1, 4, '2014-06-21 12:08:14'),
(1140, 1, 1, 1, 4, '2014-06-21 12:11:32'),
(1141, 1, 1, 1, 4, '2014-06-21 12:15:08'),
(1142, 1, 1, 1, 4, '2014-06-21 12:15:35'),
(1143, 1, 1, 1, 4, '2014-06-21 12:19:19'),
(1144, 1, 1, 1, 4, '2014-06-21 12:23:44'),
(1145, 1, 1, 1, 4, '2014-06-21 12:24:10'),
(1146, 1, 1, 1, 4, '2014-06-21 12:24:23'),
(1147, 1, 1, 1, 4, '2014-06-21 12:27:07'),
(1148, 1, 1, 1, 4, '2014-06-21 12:28:13'),
(1149, 1, 1, 1, 4, '2014-06-21 12:28:34'),
(1150, 1, 1, 1, 4, '2014-06-21 12:37:27'),
(1151, 1, 1, 1, 4, '2014-06-21 12:38:35'),
(1152, 1, 1, 1, 4, '2014-06-21 12:38:51'),
(1153, 1, 1, 1, 4, '2014-06-21 12:40:25'),
(1154, 1, 1, 1, 4, '2014-06-21 12:40:41'),
(1155, 4, 1, 0, 0, '2014-06-21 12:41:49'),
(1156, 4, 1, 1, 4, '2014-06-21 12:41:58'),
(1157, 1, 1, 1, 4, '2014-06-21 12:58:35'),
(1158, 1, 1, 1, 4, '2014-06-21 13:00:30'),
(1159, 1, 1, 1, 4, '2014-06-21 13:01:23'),
(1160, 1, 1, 1, 4, '2014-06-21 14:34:38'),
(1161, 1, 1, 1, 4, '2014-06-21 14:34:51'),
(1162, 1, 1, 1, 4, '2014-06-21 16:01:58'),
(1163, 1, 1, 1, 4, '2014-06-21 16:13:50'),
(1164, 1, 1, 1, 2, '2014-06-21 16:15:25'),
(1165, 1, 1, 0, 0, '2014-06-21 16:18:15'),
(1166, 1, 1, 1, 0, '2014-06-21 16:18:18'),
(1167, 1, 1, 1, 0, '2014-06-21 16:18:35'),
(1168, 1, 1, 1, 0, '2014-06-21 16:19:11'),
(1169, 1, 1, 1, 10, '2014-06-21 16:19:15'),
(1170, 1, 1, 1, 10, '2014-06-21 17:05:48'),
(1171, 1, 1, 1, 10, '2014-06-21 17:07:32'),
(1172, 1, 1, 1, 10, '2014-06-21 17:07:59'),
(1173, 1, 1, 1, 10, '2014-06-21 17:17:34'),
(1174, 1, 1, 1, 10, '2014-06-21 17:18:23'),
(1175, 1, 1, 6, 0, '2014-06-21 17:59:25'),
(1176, 1, 1, 1, 0, '2014-06-21 17:59:26'),
(1177, 1, 1, 1, 10, '2014-06-21 17:59:34'),
(1178, 1, 1, 1, 10, '2014-06-21 18:00:56'),
(1179, 1, 1, 1, 10, '2014-06-21 18:01:33'),
(1180, 1, 1, 1, 10, '2014-06-21 18:02:11'),
(1181, 1, 1, 1, 10, '2014-06-21 18:09:32'),
(1182, 1, 1, 1, 10, '2014-06-21 18:12:04'),
(1183, 1, 1, 1, 10, '2014-06-21 18:12:25'),
(1184, 1, 1, 1, 10, '2014-06-21 18:12:36'),
(1185, 1, 1, 1, 10, '2014-06-21 18:12:45'),
(1186, 1, 1, 1, 10, '2014-06-21 18:13:47'),
(1187, 1, 1, 1, 11, '2014-06-21 18:15:27'),
(1188, 1, 1, 1, 10, '2014-06-21 18:15:35'),
(1189, 1, 1, 1, 11, '2014-06-21 18:15:47'),
(1190, 1, 1, 1, 10, '2014-06-21 18:18:26'),
(1191, 1, 1, 1, 10, '2014-06-21 18:45:47'),
(1192, 1, 1, 1, 10, '2014-06-21 18:47:04'),
(1193, 1, 1, 1, 10, '2014-06-21 18:47:37'),
(1194, 1, 1, 1, 10, '2014-06-21 18:49:09'),
(1195, 1, 1, 1, 10, '2014-06-21 18:51:07'),
(1196, 1, 1, 1, 10, '2014-06-21 19:00:14'),
(1197, 1, 1, 0, 0, '2014-06-21 19:18:57'),
(1198, 1, 1, 1, 0, '2014-06-21 19:19:02'),
(1199, 1, 1, 1, 10, '2014-06-21 19:19:09'),
(1200, 1, 1, 1, 10, '2014-06-21 19:42:23'),
(1201, 1, 1, 1, 10, '2014-06-21 19:42:57'),
(1202, 1, 1, 1, 10, '2014-06-21 19:44:17'),
(1203, 1, 1, 1, 10, '2014-06-21 23:32:30'),
(1204, 1, 1, 1, 10, '2014-06-21 23:33:07'),
(1205, 1, 1, 1, 10, '2014-06-21 23:40:42'),
(1206, 1, 1, 1, 10, '2014-06-21 23:55:47'),
(1207, 1, 1, 1, 10, '2014-06-21 23:57:18'),
(1208, 1, 1, 7, 0, '2014-06-22 00:28:17'),
(1209, 1, 1, 1, 0, '2014-06-22 00:28:27'),
(1210, 1, 1, 1, 10, '2014-06-22 00:28:30'),
(1211, 1, 1, 1, 10, '2014-06-22 00:28:46'),
(1212, 1, 1, 1, 10, '2014-06-22 00:29:05'),
(1213, 1, 1, 1, 10, '2014-06-22 00:29:27'),
(1214, 1, 1, 1, 10, '2014-06-22 00:30:00'),
(1215, 1, 1, 1, 10, '2014-06-22 00:30:23'),
(1216, 1, 1, 1, 10, '2014-06-22 00:32:08'),
(1217, 1, 1, 1, 10, '2014-06-22 00:32:31'),
(1218, 1, 1, 1, 10, '2014-06-22 00:32:44'),
(1219, 1, 1, 1, 10, '2014-06-22 00:39:54'),
(1220, 1, 1, 1, 10, '2014-06-22 00:40:18'),
(1221, 1, 1, 1, 10, '2014-06-22 00:40:37'),
(1222, 1, 1, 1, 10, '2014-06-22 00:45:26'),
(1223, 1, 1, 1, 10, '2014-06-22 00:45:53'),
(1224, 1, 1, 1, 10, '2014-06-22 00:46:45'),
(1225, 1, 1, 1, 10, '2014-06-22 00:49:09'),
(1226, 1, 1, 1, 2, '2014-06-22 00:49:36'),
(1227, 1, 1, 1, 10, '2014-06-22 00:49:46'),
(1228, 1, 1, 1, 10, '2014-06-22 00:50:37'),
(1229, 1, 1, 1, 10, '2014-06-22 00:51:21'),
(1230, 1, 1, 1, 10, '2014-06-22 00:53:57'),
(1231, 1, 1, 1, 10, '2014-06-22 00:58:58'),
(1232, 1, 1, 1, 10, '2014-06-22 01:03:24'),
(1233, 1, 1, 1, 10, '2014-06-22 01:03:44'),
(1234, 1, 1, 1, 10, '2014-06-22 01:04:59'),
(1235, 1, 1, 1, 10, '2014-06-22 01:05:11'),
(1236, 1, 1, 0, 0, '2014-06-22 01:05:40'),
(1237, 1, 1, 1, 0, '2014-06-22 01:05:43'),
(1238, 1, 1, 1, 2, '2014-06-22 01:05:49'),
(1239, 1, 1, 1, 10, '2014-06-22 01:06:00');
INSERT INTO `log` (`id`, `user`, `action`, `tool`, `element`, `date`) VALUES
(1240, 1, 1, 1, 2, '2014-06-22 01:06:06'),
(1241, 1, 1, 1, 10, '2014-06-22 01:06:20'),
(1242, 1, 1, 1, 10, '2014-06-22 01:07:54'),
(1243, 1, 1, 1, 10, '2014-06-22 01:09:14'),
(1244, 1, 1, 1, 10, '2014-06-22 01:09:35'),
(1245, 1, 1, 1, 10, '2014-06-22 01:11:25'),
(1246, 1, 1, 2, 0, '2014-06-22 01:11:36'),
(1247, 1, 1, 0, 0, '2014-06-22 01:11:54'),
(1248, 1, 1, 1, 0, '2014-06-22 01:11:57'),
(1249, 1, 1, 1, 10, '2014-06-22 01:12:01'),
(1250, 1, 1, 1, 0, '2014-06-22 01:12:05'),
(1251, 1, 1, 2, 0, '2014-06-22 01:12:07'),
(1252, 1, 1, 6, 0, '2014-06-22 01:12:11'),
(1253, 1, 1, 6, 4, '2014-06-22 01:12:14'),
(1254, 1, 1, 6, 0, '2014-06-22 01:12:41'),
(1255, 1, 1, 2, 0, '2014-06-22 01:12:43'),
(1256, 1, 1, 1, 0, '2014-06-22 01:12:47'),
(1257, 1, 1, 1, 10, '2014-06-22 01:12:58'),
(1258, 1, 1, 1, 10, '2014-06-22 01:13:43'),
(1259, 1, 1, 1, 2, '2014-06-22 01:14:00'),
(1260, 1, 1, 0, 0, '2014-06-22 09:14:22'),
(1261, 1, 1, 1, 0, '2014-06-22 09:14:24'),
(1262, 1, 1, 1, 0, '2014-06-22 09:14:26'),
(1263, 1, 1, 1, 2, '2014-06-22 09:14:32'),
(1264, 1, 1, 1, 2, '2014-06-22 09:16:38'),
(1265, 1, 1, 1, 2, '2014-06-22 09:18:11'),
(1266, 1, 1, 0, 0, '2014-06-22 09:18:27'),
(1267, 1, 1, 1, 0, '2014-06-22 09:18:28'),
(1268, 1, 1, 1, 2, '2014-06-22 09:18:35'),
(1269, 1, 1, 1, 2, '2014-06-22 09:18:57'),
(1270, 1, 1, 1, 2, '2014-06-22 09:19:49'),
(1271, 1, 1, 1, 2, '2014-06-22 09:21:21'),
(1272, 1, 1, 1, 2, '2014-06-22 09:23:25'),
(1273, 1, 1, 1, 2, '2014-06-22 09:23:45'),
(1274, 1, 1, 1, 2, '2014-06-22 09:32:07'),
(1275, 1, 1, 1, 2, '2014-06-22 09:32:25'),
(1276, 1, 1, 1, 2, '2014-06-22 09:32:48'),
(1277, 1, 1, 1, 2, '2014-06-22 09:32:58'),
(1278, 1, 1, 1, 2, '2014-06-22 09:33:26'),
(1279, 1, 1, 1, 10, '2014-06-22 09:33:30'),
(1280, 1, 1, 1, 2, '2014-06-22 09:33:36'),
(1281, 1, 1, 1, 10, '2014-06-22 09:33:47'),
(1282, 1, 1, 1, 2, '2014-06-22 09:33:51'),
(1283, 1, 1, 1, 2, '2014-06-22 09:39:52'),
(1284, 1, 1, 1, 2, '2014-06-22 09:40:13'),
(1285, 1, 1, 1, 2, '2014-06-22 09:42:59'),
(1286, 1, 1, 1, 10, '2014-06-22 09:43:06'),
(1287, 1, 1, 1, 2, '2014-06-22 09:43:11'),
(1288, 1, 1, 1, 2, '2014-06-22 09:46:55'),
(1289, 1, 1, 1, 2, '2014-06-22 09:47:09'),
(1290, 1, 1, 1, 2, '2014-06-22 09:48:44'),
(1291, 1, 1, 1, 2, '2014-06-22 09:48:53'),
(1292, 1, 1, 1, 2, '2014-06-22 09:54:17'),
(1293, 1, 1, 1, 2, '2014-06-22 09:55:28'),
(1294, 1, 1, 1, 2, '2014-06-22 09:56:32'),
(1295, 1, 1, 1, 2, '2014-06-22 10:46:47'),
(1296, 1, 1, 1, 2, '2014-06-22 10:48:21'),
(1297, 1, 1, 1, 2, '2014-06-22 10:49:19'),
(1298, 1, 1, 1, 2, '2014-06-22 11:00:49'),
(1299, 1, 1, 1, 2, '2014-06-22 11:01:02'),
(1300, 1, 1, 1, 2, '2014-06-22 11:04:16'),
(1301, 1, 1, 1, 2, '2014-06-22 11:05:13'),
(1302, 1, 1, 1, 2, '2014-06-22 11:14:13'),
(1303, 1, 1, 1, 2, '2014-06-22 11:16:17'),
(1304, 1, 1, 1, 2, '2014-06-22 11:16:57'),
(1305, 1, 1, 1, 2, '2014-06-22 11:18:36'),
(1306, 1, 1, 1, 2, '2014-06-22 11:20:11'),
(1307, 1, 1, 1, 2, '2014-06-22 11:20:54'),
(1308, 1, 1, 1, 2, '2014-06-22 11:21:50'),
(1309, 1, 1, 1, 2, '2014-06-22 11:31:12'),
(1310, 1, 1, 1, 11, '2014-06-22 11:31:27'),
(1311, 1, 1, 1, 10, '2014-06-22 11:31:30'),
(1312, 1, 1, 1, 2, '2014-06-22 11:37:10'),
(1313, 1, 1, 1, 2, '2014-06-22 11:39:27'),
(1314, 1, 1, 1, 2, '2014-06-22 11:39:38'),
(1315, 1, 1, 1, 2, '2014-06-22 11:41:10'),
(1316, 1, 1, 1, 10, '2014-06-22 11:41:16'),
(1317, 1, 1, 1, 10, '2014-06-22 11:42:59'),
(1318, 1, 1, 1, 10, '2014-06-22 11:43:08'),
(1319, 1, 1, 1, 2, '2014-06-22 11:43:12'),
(1320, 1, 1, 1, 2, '2014-06-22 11:44:08'),
(1321, 1, 1, 1, 2, '2014-06-22 11:44:16'),
(1322, 1, 1, 1, 10, '2014-06-22 11:44:57'),
(1323, 1, 1, 1, 10, '2014-06-22 11:45:27'),
(1324, 1, 1, 1, 10, '2014-06-22 11:45:58'),
(1325, 1, 1, 1, 10, '2014-06-22 11:49:43'),
(1326, 1, 1, 1, 10, '2014-06-22 11:59:09'),
(1327, 1, 1, 1, 10, '2014-06-22 11:59:26'),
(1328, 1, 1, 1, 2, '2014-06-22 11:59:52'),
(1329, 1, 1, 1, 2, '2014-06-22 12:02:24'),
(1330, 1, 1, 1, 2, '2014-06-22 12:02:56'),
(1331, 1, 1, 1, 2, '2014-06-22 12:04:18'),
(1332, 1, 1, 1, 2, '2014-06-22 12:06:16'),
(1333, 1, 1, 1, 2, '2014-06-22 12:07:36'),
(1334, 1, 1, 1, 2, '2014-06-22 12:08:23'),
(1335, 1, 1, 1, 2, '2014-06-22 12:09:33'),
(1336, 1, 1, 1, 2, '2014-06-22 12:10:10'),
(1337, 1, 1, 1, 2, '2014-06-22 12:12:51'),
(1338, 1, 1, 1, 2, '2014-06-22 12:13:06'),
(1339, 1, 1, 1, 2, '2014-06-22 12:13:45'),
(1340, 1, 1, 1, 2, '2014-06-22 12:15:50'),
(1341, 1, 1, 0, 0, '2014-06-22 12:20:51'),
(1342, 1, 1, 1, 0, '2014-06-22 12:20:55'),
(1343, 1, 1, 1, 2, '2014-06-22 12:21:06'),
(1344, 1, 1, 1, 2, '2014-06-22 12:23:28'),
(1345, 1, 1, 1, 0, '2014-06-22 12:25:28'),
(1346, 1, 1, 1, 0, '2014-06-22 12:25:31'),
(1347, 1, 1, 1, 0, '2014-06-22 12:25:39'),
(1348, 1, 1, 1, 4, '2014-06-22 12:25:43'),
(1349, 1, 1, 1, 2, '2014-06-22 12:26:04'),
(1350, 1, 1, 1, 2, '2014-06-22 12:26:36'),
(1351, 1, 1, 1, 2, '2014-06-22 12:27:58'),
(1352, 1, 1, 1, 2, '2014-06-22 12:45:49'),
(1353, 1, 1, 1, 2, '2014-06-22 12:46:07'),
(1354, 1, 1, 1, 2, '2014-06-22 12:46:45'),
(1355, 1, 1, 1, 2, '2014-06-22 12:48:13'),
(1356, 1, 1, 1, 2, '2014-06-22 12:50:51'),
(1357, 1, 1, 1, 2, '2014-06-22 12:52:57'),
(1358, 1, 1, 1, 2, '2014-06-22 12:53:59'),
(1359, 1, 1, 1, 2, '2014-06-22 12:54:10'),
(1360, 1, 1, 1, 2, '2014-06-22 12:54:29'),
(1361, 1, 1, 1, 6, '2014-06-22 12:54:31'),
(1362, 1, 1, 1, 11, '2014-06-22 12:54:36'),
(1363, 1, 1, 7, 0, '2014-06-22 12:57:43'),
(1364, 1, 1, 7, 0, '2014-06-22 13:01:04'),
(1365, 1, 1, 7, 0, '2014-06-22 13:02:05'),
(1366, 1, 1, 7, 0, '2014-06-22 13:03:04'),
(1367, 1, 1, 7, 0, '2014-06-22 13:08:30'),
(1368, 1, 1, 1, 0, '2014-06-22 13:08:31'),
(1369, 1, 1, 1, 0, '2014-06-22 13:08:50'),
(1370, 1, 1, 1, 0, '2014-06-22 13:09:14'),
(1371, 1, 1, 1, 0, '2014-06-22 13:10:19'),
(1372, 4, 1, 0, 0, '2014-06-22 13:10:50'),
(1373, 4, 1, 1, 4, '2014-06-22 13:10:56'),
(1374, 4, 1, 0, 0, '2014-06-22 13:11:36'),
(1375, 4, 1, 1, 4, '2014-06-22 13:11:41'),
(1376, 4, 1, 1, 4, '2014-06-22 13:16:32'),
(1377, 4, 1, 0, 0, '2014-06-22 13:16:44'),
(1378, 4, 1, 1, 4, '2014-06-22 13:16:47'),
(1379, 4, 1, 1, 4, '2014-06-22 13:17:42'),
(1380, 4, 1, 1, 4, '2014-06-22 13:17:56'),
(1381, 4, 1, 1, 4, '2014-06-22 13:19:17'),
(1382, 4, 1, 1, 4, '2014-06-22 13:20:10'),
(1383, 4, 1, 1, 4, '2014-06-22 13:21:11'),
(1384, 4, 1, 1, 4, '2014-06-22 13:28:43'),
(1385, 4, 1, 1, 4, '2014-06-22 13:28:57'),
(1386, 4, 1, 1, 4, '2014-06-22 13:29:21'),
(1387, 4, 1, 1, 4, '2014-06-22 14:29:22'),
(1388, 1, 1, 0, 0, '2014-06-22 14:29:32'),
(1389, 1, 1, 6, 0, '2014-06-22 14:29:35'),
(1390, 1, 1, 1, 0, '2014-06-22 14:29:37'),
(1391, 1, 1, 1, 6, '2014-06-22 14:29:40'),
(1392, 1, 1, 6, 0, '2014-06-22 14:59:13'),
(1393, 1, 1, 6, 17, '2014-06-22 14:59:14'),
(1394, 2, 1, 0, 0, '2014-06-22 14:59:35'),
(1395, 2, 1, 6, 0, '2014-06-22 14:59:37'),
(1396, 2, 1, 6, 17, '2014-06-22 14:59:38'),
(1397, 2, 1, 6, 17, '2014-06-22 15:09:42'),
(1398, 2, 1, 6, 17, '2014-06-22 15:40:21'),
(1399, 2, 1, 6, 17, '2014-06-22 15:42:11'),
(1400, 2, 1, 6, 17, '2014-06-22 15:42:41'),
(1401, 2, 1, 6, 17, '2014-06-22 15:43:30'),
(1402, 2, 1, 6, 17, '2014-06-22 15:44:36'),
(1403, 2, 1, 6, 17, '2014-06-22 15:46:07'),
(1404, 2, 1, 6, 17, '2014-06-22 15:48:40'),
(1405, 2, 1, 6, 17, '2014-06-22 15:48:58'),
(1406, 2, 1, 6, 17, '2014-06-22 15:49:17'),
(1407, 2, 1, 6, 17, '2014-06-22 15:50:18'),
(1408, 2, 1, 6, 17, '2014-06-22 16:13:11'),
(1409, 2, 1, 6, 17, '2014-06-22 16:13:26'),
(1410, 2, 1, 6, 17, '2014-06-22 16:14:27'),
(1411, 2, 1, 6, 17, '2014-06-22 16:15:40'),
(1412, 2, 1, 6, 17, '2014-06-22 16:15:54'),
(1413, 2, 1, 6, 17, '2014-06-22 16:18:03'),
(1414, 2, 1, 6, 17, '2014-06-22 16:19:33'),
(1415, 2, 1, 6, 17, '2014-06-22 16:19:41'),
(1416, 2, 1, 6, 17, '2014-06-22 16:21:04'),
(1417, 2, 1, 6, 17, '2014-06-22 16:58:09'),
(1418, 2, 1, 6, 17, '2014-06-22 16:59:03'),
(1419, 2, 1, 6, 17, '2014-06-22 17:10:52'),
(1420, 2, 1, 6, 17, '2014-06-22 17:13:55'),
(1421, 2, 1, 6, 17, '2014-06-22 17:14:10'),
(1422, 2, 1, 6, 17, '2014-06-22 17:14:33'),
(1423, 2, 1, 6, 17, '2014-06-22 17:15:09'),
(1424, 2, 1, 6, 17, '2014-06-22 17:15:31'),
(1425, 2, 1, 6, 17, '2014-06-22 17:16:35'),
(1426, 2, 1, 6, 17, '2014-06-22 17:21:36'),
(1427, 2, 1, 6, 17, '2014-06-22 17:23:08'),
(1428, 2, 1, 6, 17, '2014-06-22 17:23:42'),
(1429, 2, 1, 6, 17, '2014-06-22 18:10:20'),
(1430, 2, 1, 6, 17, '2014-06-22 18:10:54'),
(1431, 2, 1, 6, 17, '2014-06-22 18:11:16'),
(1432, 2, 1, 6, 17, '2014-06-22 18:12:34'),
(1433, 2, 1, 6, 17, '2014-06-22 18:13:38'),
(1434, 2, 1, 6, 17, '2014-06-22 18:16:08'),
(1435, 2, 1, 6, 17, '2014-06-22 18:16:43'),
(1436, 2, 1, 6, 17, '2014-06-22 18:17:12'),
(1437, 2, 1, 6, 17, '2014-06-22 18:17:43'),
(1438, 2, 1, 6, 17, '2014-06-22 18:19:12'),
(1439, 2, 1, 6, 17, '2014-06-22 18:19:18'),
(1440, 2, 1, 6, 17, '2014-06-22 18:29:01'),
(1441, 2, 1, 6, 17, '2014-06-22 18:30:18'),
(1442, 2, 1, 6, 17, '2014-06-22 18:32:00'),
(1443, 2, 1, 6, 17, '2014-06-22 18:34:25'),
(1444, 2, 1, 6, 17, '2014-06-22 18:34:45'),
(1445, 2, 1, 6, 17, '2014-06-22 18:35:32'),
(1446, 2, 1, 6, 17, '2014-06-22 18:36:16'),
(1447, 2, 1, 1, 2, '2014-06-22 18:46:55'),
(1448, 2, 1, 6, 0, '2014-06-22 18:56:14'),
(1449, 2, 1, 6, 17, '2014-06-22 18:56:15'),
(1450, 2, 1, 1, 2, '2014-06-22 19:22:13'),
(1451, 2, 1, 1, 2, '2014-06-22 19:25:50'),
(1452, 2, 1, 6, 0, '2014-06-22 19:25:52'),
(1453, 2, 1, 6, 17, '2014-06-22 19:25:53'),
(1454, 2, 1, 6, 17, '2014-06-22 19:26:33'),
(1455, 2, 1, 6, 17, '2014-06-22 19:27:04'),
(1456, 2, 1, 6, 17, '2014-06-22 19:28:06'),
(1457, 2, 1, 6, 17, '2014-06-22 19:28:43'),
(1458, 2, 1, 6, 17, '2014-06-22 19:31:33'),
(1459, 2, 1, 6, 17, '2014-06-22 19:31:52'),
(1460, 2, 1, 6, 17, '2014-06-22 19:41:31'),
(1461, 2, 1, 6, 17, '2014-06-22 19:41:56'),
(1462, 2, 1, 6, 17, '2014-06-22 19:42:09'),
(1463, 2, 1, 6, 17, '2014-06-22 19:42:26'),
(1464, 2, 1, 6, 17, '2014-06-22 19:43:07'),
(1465, 2, 1, 6, 17, '2014-06-22 19:44:20'),
(1466, 2, 1, 6, 17, '2014-06-22 19:45:06'),
(1467, 2, 1, 6, 17, '2014-06-22 19:46:44'),
(1468, 2, 1, 6, 17, '2014-06-22 19:47:28'),
(1469, 2, 1, 6, 17, '2014-06-22 19:48:10'),
(1470, 2, 1, 6, 17, '2014-06-22 19:51:04'),
(1471, 2, 1, 6, 17, '2014-06-22 19:51:35'),
(1472, 2, 1, 6, 17, '2014-06-22 19:52:24'),
(1473, 2, 1, 6, 17, '2014-06-22 19:53:11'),
(1474, 2, 1, 6, 17, '2014-06-22 19:53:35'),
(1475, 2, 1, 6, 17, '2014-06-22 19:54:13'),
(1476, 2, 1, 6, 17, '2014-06-22 19:55:15'),
(1477, 2, 1, 6, 17, '2014-06-22 20:31:59'),
(1478, 2, 1, 6, 17, '2014-06-22 20:32:28'),
(1479, 2, 1, 6, 17, '2014-06-22 20:33:02'),
(1480, 2, 1, 6, 17, '2014-06-22 20:39:09'),
(1481, 2, 1, 6, 17, '2014-06-22 20:39:31'),
(1482, 2, 1, 6, 17, '2014-06-22 20:40:09'),
(1483, 2, 1, 6, 17, '2014-06-22 20:40:50'),
(1484, 2, 1, 6, 17, '2014-06-22 20:41:17'),
(1485, 2, 1, 6, 17, '2014-06-22 20:42:26'),
(1486, 2, 1, 6, 17, '2014-06-22 20:43:00'),
(1487, 2, 1, 6, 17, '2014-06-22 20:43:40'),
(1488, 2, 1, 6, 17, '2014-06-22 20:44:01'),
(1489, 2, 1, 6, 17, '2014-06-22 21:17:30'),
(1490, 2, 1, 6, 17, '2014-06-22 21:21:28'),
(1491, 2, 1, 6, 17, '2014-06-22 21:21:33'),
(1492, 2, 1, 6, 17, '2014-06-22 21:21:49'),
(1493, 2, 1, 6, 17, '2014-06-22 21:22:56'),
(1494, 2, 1, 6, 17, '2014-06-22 21:26:12'),
(1495, 2, 1, 6, 17, '2014-06-22 21:27:55'),
(1496, 1, 1, 0, 0, '2014-06-22 21:28:14'),
(1497, 1, 1, 6, 0, '2014-06-22 21:28:16'),
(1498, 1, 1, 6, 17, '2014-06-22 21:28:17'),
(1499, 2, 1, 6, 17, '2014-06-22 21:51:05'),
(1500, 2, 1, 6, 17, '2014-06-22 22:01:09'),
(1501, 2, 1, 6, 17, '2014-06-22 22:02:03'),
(1502, 2, 1, 6, 17, '2014-06-22 22:03:00'),
(1503, 2, 1, 6, 17, '2014-06-22 22:04:10'),
(1504, 2, 1, 6, 17, '2014-06-22 22:05:59'),
(1505, 2, 1, 0, 0, '2014-06-22 22:06:41'),
(1506, 2, 1, 6, 10, '2014-06-22 22:06:47'),
(1507, 2, 1, 0, 0, '2014-06-22 22:17:54'),
(1508, 2, 1, 8, 0, '2014-06-22 22:17:57'),
(1509, 2, 1, 8, 50, '2014-06-22 22:18:02'),
(1510, 2, 1, 6, 10, '2014-06-22 22:18:02'),
(1511, 2, 1, 8, 50, '2014-06-22 22:20:15'),
(1512, 2, 1, 6, 10, '2014-06-22 22:20:15'),
(1513, 1, 1, 6, 0, '2014-06-22 22:21:26'),
(1514, 1, 1, 6, 10, '2014-06-22 22:21:29'),
(1515, 2, 1, 6, 0, '2014-06-22 22:21:49'),
(1516, 2, 1, 6, 10, '2014-06-22 22:21:51'),
(1517, 2, 1, 6, 10, '2014-06-22 22:24:10'),
(1518, 2, 1, 6, 10, '2014-06-22 22:24:14'),
(1519, 2, 1, 6, 10, '2014-06-22 22:29:15'),
(1520, 2, 1, 1, 2, '2014-06-22 22:29:54'),
(1521, 2, 1, 8, 0, '2014-06-22 22:29:57'),
(1522, 2, 1, 8, 50, '2014-06-22 22:29:59'),
(1523, 2, 1, 6, 10, '2014-06-22 22:29:59'),
(1524, 2, 1, 8, 50, '2014-06-22 23:03:53'),
(1525, 2, 1, 6, 10, '2014-06-22 23:03:54'),
(1526, 2, 1, 8, 50, '2014-06-22 23:05:33'),
(1527, 2, 1, 6, 10, '2014-06-22 23:05:33'),
(1528, 2, 1, 8, 50, '2014-06-22 23:06:35'),
(1529, 2, 1, 6, 10, '2014-06-22 23:06:35'),
(1530, 2, 1, 8, 50, '2014-06-22 23:08:56'),
(1531, 2, 1, 6, 10, '2014-06-22 23:08:56'),
(1532, 2, 1, 8, 50, '2014-06-22 23:10:01'),
(1533, 2, 1, 6, 10, '2014-06-22 23:10:01'),
(1534, 2, 1, 8, 50, '2014-06-22 23:12:09'),
(1535, 2, 1, 6, 10, '2014-06-22 23:12:10'),
(1536, 2, 1, 8, 50, '2014-06-22 23:17:26'),
(1537, 2, 1, 6, 10, '2014-06-22 23:17:26'),
(1538, 2, 1, 8, 50, '2014-06-22 23:24:25'),
(1539, 2, 1, 6, 10, '2014-06-22 23:24:25'),
(1540, 2, 1, 8, 50, '2014-06-22 23:27:28'),
(1541, 2, 1, 6, 10, '2014-06-22 23:27:28'),
(1542, 2, 1, 8, 50, '2014-06-22 23:31:15'),
(1543, 2, 1, 6, 10, '2014-06-22 23:31:15'),
(1544, 2, 1, 8, 50, '2014-06-22 23:34:42'),
(1545, 2, 1, 6, 10, '2014-06-22 23:34:42'),
(1546, 2, 1, 8, 50, '2014-06-22 23:35:32'),
(1547, 2, 1, 6, 10, '2014-06-22 23:35:32'),
(1548, 2, 1, 8, 50, '2014-06-22 23:36:52'),
(1549, 2, 1, 6, 10, '2014-06-22 23:36:52'),
(1550, 2, 1, 8, 50, '2014-06-22 23:38:14'),
(1551, 2, 1, 6, 10, '2014-06-22 23:38:14'),
(1552, 2, 1, 8, 50, '2014-06-22 23:38:23'),
(1553, 2, 1, 6, 10, '2014-06-22 23:38:23'),
(1554, 2, 1, 8, 50, '2014-06-22 23:38:59'),
(1555, 2, 1, 6, 10, '2014-06-22 23:38:59'),
(1556, 2, 1, 8, 50, '2014-06-22 23:45:20'),
(1557, 2, 1, 6, 10, '2014-06-22 23:45:20'),
(1558, 2, 1, 8, 50, '2014-06-22 23:48:57'),
(1559, 2, 1, 6, 10, '2014-06-22 23:48:57'),
(1560, 2, 1, 8, 50, '2014-06-22 23:49:28'),
(1561, 2, 1, 6, 10, '2014-06-22 23:49:28'),
(1562, 2, 1, 8, 50, '2014-06-22 23:51:04'),
(1563, 2, 1, 6, 10, '2014-06-22 23:51:04'),
(1564, 1, 1, 0, 0, '2014-06-22 23:51:15'),
(1565, 1, 1, 0, 0, '2014-06-22 23:51:15'),
(1566, 2, 1, 0, 0, '2014-06-22 23:51:30'),
(1567, 2, 1, 8, 0, '2014-06-22 23:51:37'),
(1568, 2, 1, 8, 50, '2014-06-22 23:51:38'),
(1569, 2, 1, 6, 10, '2014-06-22 23:51:38'),
(1570, 10, 1, 0, 0, '2014-06-22 23:51:47'),
(1571, 2, 1, 8, 50, '2014-06-22 23:52:37'),
(1572, 2, 1, 6, 10, '2014-06-22 23:52:37'),
(1573, 2, 1, 8, 50, '2014-06-22 23:52:48'),
(1574, 2, 1, 6, 10, '2014-06-22 23:52:48'),
(1575, 2, 1, 8, 50, '2014-06-22 23:52:59'),
(1576, 2, 1, 6, 10, '2014-06-22 23:52:59'),
(1577, 2, 1, 0, 0, '2014-06-23 18:49:10'),
(1578, 2, 1, 0, 0, '2014-06-23 18:49:13'),
(1579, 2, 1, 6, 0, '2014-06-23 18:49:18'),
(1580, 2, 1, 8, 0, '2014-06-23 18:49:22'),
(1581, 2, 1, 8, 50, '2014-06-23 18:49:26'),
(1582, 2, 1, 6, 10, '2014-06-23 18:49:26'),
(1583, 2, 1, 8, 0, '2014-06-23 18:49:30'),
(1584, 2, 1, 8, 51, '2014-06-23 18:49:33'),
(1585, 2, 1, 6, 10, '2014-06-23 18:49:33'),
(1586, 10, 1, 0, 0, '2014-06-23 18:49:48'),
(1587, 2, 1, 8, 51, '2014-06-23 18:50:45'),
(1588, 2, 1, 6, 10, '2014-06-23 18:50:45'),
(1589, 10, 1, 0, 0, '2014-06-23 18:51:12'),
(1590, 2, 1, 8, 51, '2014-06-23 18:51:18'),
(1591, 2, 1, 6, 10, '2014-06-23 18:51:18'),
(1592, 10, 1, 0, 0, '2014-06-23 18:51:41'),
(1593, 2, 1, 8, 51, '2014-06-23 18:56:27'),
(1594, 2, 1, 6, 10, '2014-06-23 18:56:27'),
(1595, 10, 1, 0, 0, '2014-06-23 18:56:31'),
(1596, 2, 1, 8, 51, '2014-06-23 18:56:57'),
(1597, 2, 1, 6, 10, '2014-06-23 18:56:57'),
(1598, 2, 1, 8, 51, '2014-06-23 18:57:03'),
(1599, 2, 1, 6, 10, '2014-06-23 18:57:03'),
(1600, 10, 1, 0, 0, '2014-06-23 18:57:06'),
(1601, 2, 1, 8, 51, '2014-06-23 18:57:48'),
(1602, 2, 1, 6, 10, '2014-06-23 18:57:48'),
(1603, 10, 1, 0, 0, '2014-06-23 18:57:50'),
(1604, 2, 1, 8, 51, '2014-06-23 19:01:48'),
(1605, 2, 1, 6, 10, '2014-06-23 19:01:48'),
(1606, 10, 1, 0, 0, '2014-06-23 19:01:56'),
(1607, 10, 1, 0, 0, '2014-06-23 19:02:12'),
(1608, 2, 1, 8, 51, '2014-06-23 19:02:21'),
(1609, 2, 1, 6, 10, '2014-06-23 19:02:21'),
(1610, 2, 1, 8, 51, '2014-06-23 19:03:28'),
(1611, 2, 1, 6, 10, '2014-06-23 19:03:28'),
(1612, 2, 1, 8, 51, '2014-06-23 19:04:00'),
(1613, 2, 1, 6, 10, '2014-06-23 19:04:00'),
(1614, 10, 1, 0, 0, '2014-06-23 19:04:03'),
(1615, 2, 1, 8, 51, '2014-06-23 19:04:16'),
(1616, 2, 1, 6, 10, '2014-06-23 19:04:16'),
(1617, 10, 1, 0, 0, '2014-06-23 19:04:16'),
(1618, 2, 1, 8, 51, '2014-06-23 19:04:29'),
(1619, 2, 1, 6, 10, '2014-06-23 19:04:29'),
(1620, 10, 1, 0, 0, '2014-06-23 19:05:21'),
(1621, 10, 1, 0, 0, '2014-06-23 19:05:23'),
(1622, 10, 1, 1, 10, '2014-06-23 19:05:24'),
(1623, 2, 1, 8, 51, '2014-06-23 19:05:38'),
(1624, 2, 1, 6, 10, '2014-06-23 19:05:38'),
(1625, 10, 1, 0, 0, '2014-06-23 19:06:07'),
(1626, 2, 1, 0, 0, '2014-06-23 19:06:18'),
(1627, 2, 1, 8, 0, '2014-06-23 19:06:21'),
(1628, 2, 1, 8, 50, '2014-06-23 19:06:23'),
(1629, 2, 1, 6, 10, '2014-06-23 19:06:23'),
(1630, 2, 1, 8, 50, '2014-06-23 19:06:35'),
(1631, 2, 1, 6, 10, '2014-06-23 19:06:35'),
(1632, 10, 1, 0, 0, '2014-06-23 19:06:37'),
(1633, 10, 1, 0, 0, '2014-06-23 19:08:01'),
(1634, 2, 1, 8, 50, '2014-06-23 19:08:09'),
(1635, 2, 1, 6, 10, '2014-06-23 19:08:09'),
(1636, 10, 1, 0, 0, '2014-06-23 19:09:05'),
(1637, 2, 1, 8, 50, '2014-06-23 19:09:41'),
(1638, 2, 1, 6, 10, '2014-06-23 19:09:41'),
(1639, 10, 1, 0, 0, '2014-06-23 19:09:43'),
(1640, 2, 1, 0, 0, '2014-06-23 19:10:21'),
(1641, 10, 1, 0, 0, '2014-06-23 19:10:27'),
(1642, 10, 1, 0, 0, '2014-06-23 19:10:27'),
(1643, 2, 1, 0, 0, '2014-06-23 19:10:39'),
(1644, 10, 1, 0, 0, '2014-06-23 19:10:46'),
(1645, 2, 1, 8, 0, '2014-06-23 19:10:51'),
(1646, 2, 1, 8, 50, '2014-06-23 19:10:54'),
(1647, 2, 1, 6, 10, '2014-06-23 19:10:54'),
(1648, 10, 1, 0, 0, '2014-06-23 19:11:41'),
(1649, 2, 1, 0, 0, '2014-06-23 19:14:20'),
(1650, 2, 1, 1, 2, '2014-06-23 19:14:24'),
(1651, 2, 1, 8, 0, '2014-06-23 19:14:32'),
(1652, 2, 1, 8, 51, '2014-06-23 19:14:33'),
(1653, 2, 1, 6, 10, '2014-06-23 19:14:33'),
(1654, 10, 1, 8, 0, '2014-06-23 19:14:55'),
(1655, 2, 1, 0, 0, '2014-06-23 19:15:23'),
(1656, 2, 1, 0, 0, '2014-06-23 19:15:38'),
(1657, 2, 1, 1, 2, '2014-06-23 19:15:40'),
(1658, 2, 1, 8, 0, '2014-06-23 19:15:42'),
(1659, 2, 1, 8, 50, '2014-06-23 19:15:43'),
(1660, 2, 1, 6, 10, '2014-06-23 19:15:43'),
(1661, 10, 1, 8, 0, '2014-06-23 19:15:47'),
(1662, 2, 1, 8, 50, '2014-06-23 19:17:42'),
(1663, 2, 1, 6, 10, '2014-06-23 19:17:42'),
(1664, 10, 1, 8, 0, '2014-06-23 19:23:13'),
(1665, 10, 1, 8, 0, '2014-06-23 19:26:19'),
(1666, 10, 1, 8, 0, '2014-06-23 19:27:30'),
(1667, 2, 1, 0, 0, '2014-06-23 19:27:43'),
(1668, 2, 1, 8, 0, '2014-06-23 19:27:48'),
(1669, 2, 1, 8, 50, '2014-06-23 19:27:49'),
(1670, 2, 1, 6, 10, '2014-06-23 19:27:49'),
(1671, 2, 1, 8, 50, '2014-06-23 19:28:20'),
(1672, 2, 1, 6, 10, '2014-06-23 19:28:20'),
(1673, 10, 1, 8, 0, '2014-06-23 19:29:39'),
(1674, 10, 1, 8, 0, '2014-06-23 19:29:54'),
(1675, 2, 1, 8, 50, '2014-06-23 19:29:58'),
(1676, 2, 1, 6, 10, '2014-06-23 19:29:58'),
(1677, 2, 1, 8, 50, '2014-06-23 19:30:23'),
(1678, 2, 1, 6, 10, '2014-06-23 19:30:23'),
(1679, 2, 1, 8, 50, '2014-06-23 19:31:13'),
(1680, 2, 1, 6, 10, '2014-06-23 19:31:13'),
(1681, 10, 1, 8, 0, '2014-06-23 19:31:41'),
(1682, 2, 1, 8, 50, '2014-06-23 19:31:46'),
(1683, 2, 1, 6, 10, '2014-06-23 19:31:46'),
(1684, 2, 1, 8, 50, '2014-06-23 19:32:50'),
(1685, 2, 1, 6, 10, '2014-06-23 19:32:50'),
(1686, 2, 1, 8, 50, '2014-06-23 19:33:41'),
(1687, 2, 1, 6, 10, '2014-06-23 19:33:42'),
(1688, 2, 1, 8, 50, '2014-06-23 19:34:23'),
(1689, 2, 1, 6, 10, '2014-06-23 19:34:23'),
(1690, 2, 1, 8, 50, '2014-06-23 19:34:58'),
(1691, 2, 1, 6, 10, '2014-06-23 19:34:58'),
(1692, 2, 1, 8, 50, '2014-06-23 19:35:07'),
(1693, 2, 1, 6, 10, '2014-06-23 19:35:07'),
(1694, 2, 1, 8, 50, '2014-06-23 19:35:35'),
(1695, 2, 1, 6, 10, '2014-06-23 19:35:35'),
(1696, 2, 1, 8, 50, '2014-06-23 19:36:33'),
(1697, 2, 1, 6, 10, '2014-06-23 19:36:33'),
(1698, 2, 1, 8, 50, '2014-06-23 19:37:12'),
(1699, 2, 1, 6, 10, '2014-06-23 19:37:12'),
(1700, 2, 1, 8, 50, '2014-06-23 19:37:16'),
(1701, 2, 1, 6, 10, '2014-06-23 19:37:16'),
(1702, 2, 1, 8, 50, '2014-06-23 19:39:11'),
(1703, 2, 1, 6, 10, '2014-06-23 19:39:11'),
(1704, 2, 1, 8, 50, '2014-06-23 19:39:31'),
(1705, 2, 1, 6, 10, '2014-06-23 19:39:31'),
(1706, 2, 1, 8, 50, '2014-06-23 19:39:54'),
(1707, 2, 1, 6, 10, '2014-06-23 19:39:54'),
(1708, 2, 1, 8, 50, '2014-06-23 19:40:11'),
(1709, 2, 1, 6, 10, '2014-06-23 19:40:11'),
(1710, 2, 1, 0, 0, '2014-06-23 19:41:00'),
(1711, 2, 1, 0, 0, '2014-06-23 19:41:25'),
(1712, 2, 1, 0, 0, '2014-06-23 19:41:41'),
(1713, 2, 1, 8, 0, '2014-06-23 19:41:51'),
(1714, 2, 1, 8, 51, '2014-06-23 19:41:52'),
(1715, 2, 1, 6, 10, '2014-06-23 19:41:52'),
(1716, 10, 1, 8, 0, '2014-06-23 19:43:02'),
(1717, 2, 1, 8, 51, '2014-06-23 19:43:08'),
(1718, 2, 1, 6, 10, '2014-06-23 19:43:08'),
(1719, 10, 1, 8, 0, '2014-06-23 19:48:22'),
(1720, 2, 1, 8, 51, '2014-06-23 19:48:41'),
(1721, 2, 1, 6, 10, '2014-06-23 19:48:41'),
(1722, 10, 1, 8, 0, '2014-06-23 19:50:20'),
(1723, 2, 1, 8, 51, '2014-06-23 19:50:52'),
(1724, 2, 1, 6, 10, '2014-06-23 19:50:52'),
(1725, 10, 1, 8, 0, '2014-06-23 20:47:43'),
(1726, 10, 1, 8, 0, '2014-06-23 20:48:11'),
(1727, 10, 1, 8, 0, '2014-06-23 20:48:35'),
(1728, 10, 1, 8, 0, '2014-06-23 20:48:54'),
(1729, 10, 1, 8, 0, '2014-06-23 20:50:35'),
(1730, 10, 1, 8, 0, '2014-06-23 20:52:15'),
(1731, 10, 1, 8, 0, '2014-06-23 20:52:28'),
(1732, 10, 1, 8, 0, '2014-06-23 20:52:40'),
(1733, 10, 1, 8, 0, '2014-06-23 20:52:55'),
(1734, 2, 1, 0, 0, '2014-06-23 20:53:36'),
(1735, 2, 1, 0, 0, '2014-06-23 20:53:43'),
(1736, 2, 1, 8, 0, '2014-06-23 20:53:55'),
(1737, 2, 1, 8, 51, '2014-06-23 20:53:57'),
(1738, 2, 1, 6, 10, '2014-06-23 20:53:57'),
(1739, 10, 1, 8, 0, '2014-06-23 20:54:20'),
(1740, 2, 1, 8, 51, '2014-06-23 20:54:24'),
(1741, 2, 1, 6, 10, '2014-06-23 20:54:24'),
(1742, 2, 1, 0, 0, '2014-06-23 20:56:36'),
(1743, 10, 1, 0, 0, '2014-06-23 20:56:52'),
(1744, 2, 1, 8, 0, '2014-06-23 20:56:58'),
(1745, 2, 1, 8, 51, '2014-06-23 20:57:00'),
(1746, 2, 1, 6, 10, '2014-06-23 20:57:00'),
(1747, 2, 1, 8, 51, '2014-06-23 20:58:54'),
(1748, 2, 1, 6, 10, '2014-06-23 20:58:54'),
(1749, 10, 1, 0, 0, '2014-06-23 20:58:59'),
(1750, 10, 1, 1, 10, '2014-06-23 20:59:05'),
(1751, 10, 1, 1, 10, '2014-06-23 20:59:09'),
(1752, 2, 1, 8, 51, '2014-06-23 20:59:15'),
(1753, 2, 1, 6, 10, '2014-06-23 20:59:15'),
(1754, 10, 1, 1, 10, '2014-06-23 20:59:18'),
(1755, 2, 1, 0, 0, '2014-06-23 21:10:26'),
(1756, 2, 1, 8, 0, '2014-06-23 21:10:39'),
(1757, 2, 1, 8, 51, '2014-06-23 21:10:40'),
(1758, 2, 1, 6, 10, '2014-06-23 21:10:40'),
(1759, 10, 1, 0, 0, '2014-06-23 21:10:48'),
(1760, 10, 1, 8, 0, '2014-06-23 21:10:53'),
(1761, 2, 1, 0, 0, '2014-06-23 21:14:41'),
(1762, 10, 1, 0, 0, '2014-06-23 21:14:58'),
(1763, 2, 1, 8, 0, '2014-06-23 21:15:05'),
(1764, 2, 1, 8, 51, '2014-06-23 21:15:06'),
(1765, 2, 1, 6, 10, '2014-06-23 21:15:06'),
(1766, 2, 1, 8, 51, '2014-06-23 21:15:22'),
(1767, 2, 1, 6, 10, '2014-06-23 21:15:22'),
(1768, 2, 1, 8, 51, '2014-06-23 21:20:49'),
(1769, 2, 1, 6, 10, '2014-06-23 21:20:49'),
(1770, 10, 1, 0, 0, '2014-06-23 21:20:54'),
(1771, 10, 1, 0, 0, '2014-06-23 21:20:59'),
(1772, 10, 1, 0, 0, '2014-06-23 21:21:10'),
(1773, 10, 1, 0, 0, '2014-06-23 21:21:19'),
(1774, 2, 1, 0, 0, '2014-06-23 21:21:47'),
(1775, 2, 1, 8, 0, '2014-06-23 21:21:50'),
(1776, 2, 1, 8, 51, '2014-06-23 21:21:52'),
(1777, 2, 1, 6, 10, '2014-06-23 21:21:52'),
(1778, 10, 1, 0, 0, '2014-06-23 21:21:55'),
(1779, 2, 1, 8, 51, '2014-06-23 21:22:01'),
(1780, 2, 1, 6, 10, '2014-06-23 21:22:01'),
(1781, 10, 1, 0, 0, '2014-06-23 21:24:04'),
(1782, 2, 1, 8, 51, '2014-06-23 21:24:10'),
(1783, 2, 1, 6, 10, '2014-06-23 21:24:10'),
(1784, 2, 1, 8, 51, '2014-06-23 21:24:35'),
(1785, 2, 1, 6, 10, '2014-06-23 21:24:35'),
(1786, 10, 1, 0, 0, '2014-06-23 21:24:38'),
(1787, 2, 1, 8, 51, '2014-06-23 21:24:43'),
(1788, 2, 1, 6, 10, '2014-06-23 21:24:43'),
(1789, 2, 1, 8, 51, '2014-06-23 21:25:15'),
(1790, 2, 1, 6, 10, '2014-06-23 21:25:15'),
(1791, 10, 1, 0, 0, '2014-06-23 21:25:16'),
(1792, 10, 1, 0, 0, '2014-06-23 21:25:26'),
(1793, 10, 1, 0, 0, '2014-06-23 21:25:49'),
(1794, 2, 1, 8, 51, '2014-06-23 21:25:54'),
(1795, 2, 1, 6, 10, '2014-06-23 21:25:54'),
(1796, 2, 1, 8, 51, '2014-06-23 21:30:39'),
(1797, 2, 1, 6, 10, '2014-06-23 21:30:40'),
(1798, 2, 1, 8, 51, '2014-06-23 21:32:45'),
(1799, 2, 1, 6, 10, '2014-06-23 21:32:46'),
(1800, 10, 1, 0, 0, '2014-06-23 21:32:54'),
(1801, 2, 1, 8, 51, '2014-06-23 21:33:01'),
(1802, 2, 1, 6, 10, '2014-06-23 21:33:01'),
(1803, 2, 1, 8, 51, '2014-06-23 21:34:16'),
(1804, 2, 1, 6, 10, '2014-06-23 21:34:16'),
(1805, 10, 1, 0, 0, '2014-06-23 21:34:18'),
(1806, 2, 1, 8, 51, '2014-06-23 21:34:23'),
(1807, 2, 1, 6, 10, '2014-06-23 21:34:23'),
(1808, 2, 1, 8, 51, '2014-06-23 21:35:09'),
(1809, 2, 1, 6, 10, '2014-06-23 21:35:09'),
(1810, 10, 1, 0, 0, '2014-06-23 21:35:11'),
(1811, 2, 1, 8, 51, '2014-06-23 21:36:43'),
(1812, 2, 1, 6, 10, '2014-06-23 21:36:43'),
(1813, 10, 1, 0, 0, '2014-06-23 21:36:48'),
(1814, 2, 1, 8, 51, '2014-06-23 21:36:51'),
(1815, 2, 1, 6, 10, '2014-06-23 21:36:51'),
(1816, 2, 1, 8, 51, '2014-06-23 21:37:12'),
(1817, 2, 1, 6, 10, '2014-06-23 21:37:12'),
(1818, 10, 1, 0, 0, '2014-06-23 21:37:14'),
(1819, 10, 1, 0, 0, '2014-06-23 21:37:20'),
(1820, 2, 1, 8, 51, '2014-06-23 21:37:53'),
(1821, 2, 1, 6, 10, '2014-06-23 21:37:53'),
(1822, 10, 1, 0, 0, '2014-06-23 21:38:00'),
(1823, 2, 1, 8, 51, '2014-06-23 21:40:54'),
(1824, 2, 1, 6, 10, '2014-06-23 21:40:54'),
(1825, 10, 1, 0, 0, '2014-06-23 21:41:00'),
(1826, 10, 1, 0, 0, '2014-06-23 21:41:07'),
(1827, 10, 1, 0, 0, '2014-06-23 21:48:06'),
(1828, 2, 1, 8, 51, '2014-06-23 21:49:27'),
(1829, 2, 1, 6, 10, '2014-06-23 21:49:27'),
(1830, 10, 1, 0, 0, '2014-06-23 21:49:30'),
(1831, 10, 1, 0, 0, '2014-06-23 21:50:21'),
(1832, 10, 1, 0, 0, '2014-06-23 21:50:28'),
(1833, 10, 1, 0, 0, '2014-06-23 21:50:42'),
(1834, 10, 1, 0, 0, '2014-06-23 21:50:56'),
(1835, 2, 1, 8, 51, '2014-06-23 21:51:11'),
(1836, 2, 1, 6, 10, '2014-06-23 21:51:12'),
(1837, 10, 1, 0, 0, '2014-06-23 21:51:14'),
(1838, 2, 1, 8, 51, '2014-06-23 21:53:48'),
(1839, 2, 1, 6, 10, '2014-06-23 21:53:48'),
(1840, 10, 1, 0, 0, '2014-06-23 21:53:51'),
(1841, 10, 1, 0, 0, '2014-06-23 21:54:00'),
(1842, 10, 1, 0, 0, '2014-06-23 21:54:09'),
(1843, 2, 1, 8, 51, '2014-06-23 21:55:45'),
(1844, 2, 1, 6, 10, '2014-06-23 21:55:46'),
(1845, 10, 1, 0, 0, '2014-06-23 21:55:51'),
(1846, 2, 1, 8, 51, '2014-06-23 21:55:55'),
(1847, 2, 1, 6, 10, '2014-06-23 21:55:55'),
(1848, 10, 1, 0, 0, '2014-06-23 21:55:59'),
(1849, 10, 1, 0, 0, '2014-06-23 21:56:04'),
(1850, 10, 1, 0, 0, '2014-06-23 22:00:20'),
(1851, 2, 1, 8, 51, '2014-06-23 22:03:17'),
(1852, 2, 1, 6, 10, '2014-06-23 22:03:17'),
(1853, 2, 1, 8, 51, '2014-06-23 22:04:53'),
(1854, 2, 1, 6, 10, '2014-06-23 22:04:53'),
(1855, 10, 1, 0, 0, '2014-06-23 22:05:43'),
(1856, 2, 1, 0, 0, '2014-06-23 22:06:57'),
(1857, 10, 1, 0, 0, '2014-06-23 22:07:03'),
(1858, 10, 1, 0, 0, '2014-06-23 22:07:09'),
(1859, 2, 1, 0, 0, '2014-06-23 22:07:24'),
(1860, 2, 1, 0, 0, '2014-06-23 22:07:30'),
(1861, 2, 1, 8, 0, '2014-06-23 22:07:43'),
(1862, 2, 1, 8, 51, '2014-06-23 22:08:04'),
(1863, 2, 1, 6, 10, '2014-06-23 22:08:04'),
(1864, 2, 1, 8, 51, '2014-06-23 22:08:10'),
(1865, 2, 1, 6, 10, '2014-06-23 22:08:10'),
(1866, 2, 1, 8, 51, '2014-06-23 22:08:18'),
(1867, 2, 1, 6, 10, '2014-06-23 22:08:18'),
(1868, 2, 1, 8, 51, '2014-06-23 22:08:31'),
(1869, 2, 1, 6, 10, '2014-06-23 22:08:31'),
(1870, 10, 1, 0, 0, '2014-06-23 22:08:53'),
(1871, 10, 1, 0, 0, '2014-06-23 22:08:56'),
(1872, 10, 1, 0, 0, '2014-06-23 22:08:56'),
(1873, 2, 1, 8, 51, '2014-06-23 22:09:00'),
(1874, 2, 1, 6, 10, '2014-06-23 22:09:00'),
(1875, 2, 1, 8, 51, '2014-06-23 22:09:07'),
(1876, 2, 1, 6, 10, '2014-06-23 22:09:08'),
(1877, 10, 1, 0, 0, '2014-06-23 22:09:11'),
(1878, 10, 1, 0, 0, '2014-06-23 22:09:36'),
(1879, 2, 1, 0, 0, '2014-06-23 22:09:49'),
(1880, 10, 1, 0, 0, '2014-06-23 22:09:56'),
(1881, 2, 1, 0, 0, '2014-06-23 22:10:02'),
(1882, 10, 1, 0, 0, '2014-06-23 22:10:09'),
(1883, 2, 1, 8, 51, '2014-06-23 22:10:26'),
(1884, 2, 1, 6, 10, '2014-06-23 22:10:26'),
(1885, 2, 1, 8, 51, '2014-06-23 22:10:31'),
(1886, 2, 1, 6, 10, '2014-06-23 22:10:31'),
(1887, 10, 1, 0, 0, '2014-06-23 22:10:47'),
(1888, 2, 1, 8, 51, '2014-06-23 22:10:49'),
(1889, 2, 1, 6, 10, '2014-06-23 22:10:49'),
(1890, 10, 1, 0, 0, '2014-06-23 22:10:55'),
(1891, 10, 1, 0, 0, '2014-06-23 22:11:07'),
(1892, 2, 1, 0, 0, '2014-06-23 22:11:28'),
(1893, 2, 1, 0, 0, '2014-06-23 22:11:31'),
(1894, 2, 1, 6, 5, '2014-06-23 22:11:39'),
(1895, 2, 1, 8, 51, '2014-06-23 22:11:55'),
(1896, 2, 1, 6, 10, '2014-06-23 22:11:55'),
(1897, 10, 1, 0, 0, '2014-06-23 22:12:01'),
(1898, 10, 1, 0, 0, '2014-06-23 22:12:48'),
(1899, 2, 1, 0, 0, '2014-06-23 22:12:59'),
(1900, 10, 1, 0, 0, '2014-06-23 22:13:05'),
(1901, 2, 1, 8, 51, '2014-06-23 22:13:20'),
(1902, 2, 1, 6, 10, '2014-06-23 22:13:20'),
(1903, 2, 1, 8, 51, '2014-06-23 22:33:38'),
(1904, 2, 1, 6, 10, '2014-06-23 22:33:38'),
(1905, 10, 1, 0, 0, '2014-06-23 22:33:49'),
(1906, 10, 1, 8, 0, '2014-06-23 22:33:52'),
(1907, 2, 1, 0, 0, '2014-06-23 22:35:40'),
(1908, 10, 1, 8, 0, '2014-06-23 22:40:20'),
(1909, 2, 1, 0, 0, '2014-06-23 22:40:29'),
(1910, 2, 1, 8, 0, '2014-06-23 22:40:38'),
(1911, 2, 1, 6, 0, '2014-06-23 22:40:51'),
(1912, 2, 1, 6, 10, '2014-06-23 22:40:54'),
(1913, 10, 1, 2, 0, '2014-06-23 22:41:38'),
(1914, 10, 1, 6, 0, '2014-06-23 22:41:42'),
(1915, 10, 1, 6, 10, '2014-06-23 22:41:42'),
(1916, 10, 1, 6, 0, '2014-06-23 22:41:46'),
(1917, 10, 1, 6, 10, '2014-06-23 22:41:46'),
(1918, 10, 1, 8, 0, '2014-06-23 22:41:48'),
(1919, 10, 1, 1, 10, '2014-06-23 22:41:49'),
(1920, 1, 1, 0, 0, '2014-06-23 22:42:50'),
(1921, 1, 1, 1, 0, '2014-06-23 22:42:57'),
(1922, 1, 1, 1, 10, '2014-06-23 22:43:05'),
(1923, 2, 1, 0, 0, '2014-06-23 22:43:34'),
(1924, 10, 1, 8, 0, '2014-06-23 22:43:41'),
(1925, 2, 1, 8, 0, '2014-06-23 22:43:45'),
(1926, 2, 1, 8, 54, '2014-06-23 22:43:47'),
(1927, 2, 1, 6, 10, '2014-06-23 22:43:47'),
(1928, 2, 1, 8, 54, '2014-06-23 22:44:42'),
(1929, 2, 1, 6, 10, '2014-06-23 22:44:42'),
(1930, 10, 1, 8, 0, '2014-06-23 22:44:53'),
(1931, 2, 1, 8, 54, '2014-06-23 22:44:57'),
(1932, 2, 1, 6, 10, '2014-06-23 22:44:57'),
(1933, 10, 1, 8, 0, '2014-06-23 22:46:09'),
(1934, 2, 1, 8, 54, '2014-06-23 22:46:16'),
(1935, 2, 1, 6, 10, '2014-06-23 22:46:16'),
(1936, 10, 1, 8, 0, '2014-06-23 22:46:43'),
(1937, 2, 1, 8, 54, '2014-06-23 22:46:52'),
(1938, 2, 1, 6, 10, '2014-06-23 22:46:52'),
(1939, 10, 1, 8, 0, '2014-06-23 22:48:25'),
(1940, 10, 1, 8, 51, '2014-06-23 22:49:06'),
(1941, 10, 1, 6, 10, '2014-06-23 22:49:06'),
(1942, 10, 1, 8, 0, '2014-06-23 22:49:15'),
(1943, 10, 1, 8, 51, '2014-06-23 23:29:02'),
(1944, 10, 1, 6, 10, '2014-06-23 23:29:02'),
(1945, 10, 1, 8, 51, '2014-06-23 23:47:09'),
(1946, 10, 1, 6, 10, '2014-06-23 23:47:09'),
(1947, 2, 1, 8, 54, '2014-06-23 23:47:18'),
(1948, 2, 1, 6, 10, '2014-06-23 23:47:18'),
(1949, 10, 1, 0, 0, '2014-06-23 23:47:21'),
(1950, 2, 1, 8, 54, '2014-06-23 23:47:27'),
(1951, 2, 1, 6, 10, '2014-06-23 23:47:27'),
(1952, 2, 1, 0, 0, '2014-06-23 23:47:50'),
(1953, 10, 1, 0, 0, '2014-06-23 23:48:17'),
(1954, 2, 1, 8, 0, '2014-06-23 23:48:24'),
(1955, 2, 1, 8, 54, '2014-06-23 23:48:25'),
(1956, 2, 1, 6, 10, '2014-06-23 23:48:25'),
(1957, 2, 1, 8, 54, '2014-06-23 23:48:37'),
(1958, 2, 1, 6, 10, '2014-06-23 23:48:37'),
(1959, 2, 1, 8, 54, '2014-06-23 23:55:22'),
(1960, 2, 1, 6, 10, '2014-06-23 23:55:22'),
(1961, 2, 1, 8, 54, '2014-06-24 00:00:50'),
(1962, 2, 1, 6, 10, '2014-06-24 00:00:50'),
(1963, 10, 1, 8, 54, '2014-06-24 00:01:06'),
(1964, 10, 1, 6, 10, '2014-06-24 00:01:07'),
(1965, 10, 1, 8, 54, '2014-06-24 00:02:34'),
(1966, 10, 1, 6, 10, '2014-06-24 00:02:35'),
(1967, 2, 1, 8, 54, '2014-06-24 00:02:36'),
(1968, 2, 1, 6, 10, '2014-06-24 00:02:36'),
(1969, 10, 1, 2, 0, '2014-06-24 00:02:44'),
(1970, 2, 1, 8, 54, '2014-06-24 00:03:03'),
(1971, 2, 1, 6, 10, '2014-06-24 00:03:03'),
(1972, 10, 1, 2, 0, '2014-06-24 00:03:07'),
(1973, 10, 1, 0, 0, '2014-06-24 00:03:13'),
(1974, 2, 1, 8, 54, '2014-06-24 00:07:19'),
(1975, 2, 1, 6, 10, '2014-06-24 00:07:19'),
(1976, 10, 1, 0, 0, '2014-06-24 00:07:27'),
(1977, 10, 1, 0, 0, '2014-06-24 00:07:49'),
(1978, 2, 1, 8, 54, '2014-06-24 00:08:13'),
(1979, 2, 1, 6, 10, '2014-06-24 00:08:13'),
(1980, 10, 1, 0, 0, '2014-06-24 00:08:14'),
(1981, 10, 1, 8, 54, '2014-06-24 00:08:30'),
(1982, 10, 1, 6, 10, '2014-06-24 00:08:30'),
(1983, 2, 1, 8, 54, '2014-06-24 00:11:41'),
(1984, 2, 1, 6, 10, '2014-06-24 00:11:41'),
(1985, 10, 1, 8, 54, '2014-06-24 00:11:44'),
(1986, 10, 1, 6, 10, '2014-06-24 00:11:44'),
(1987, 10, 1, 0, 0, '2014-06-24 00:11:50'),
(1988, 2, 1, 8, 54, '2014-06-24 00:11:57'),
(1989, 2, 1, 6, 10, '2014-06-24 00:11:57'),
(1990, 10, 1, 0, 0, '2014-06-24 00:11:59'),
(1991, 10, 1, 8, 54, '2014-06-24 00:12:24'),
(1992, 10, 1, 6, 10, '2014-06-24 00:12:24'),
(1993, 2, 1, 8, 54, '2014-06-24 00:12:45'),
(1994, 2, 1, 6, 10, '2014-06-24 00:12:45'),
(1995, 10, 1, 0, 0, '2014-06-24 00:13:55'),
(1996, 2, 1, 0, 0, '2014-06-24 00:14:05'),
(1997, 10, 1, 8, 0, '2014-06-24 00:14:10'),
(1998, 10, 1, 8, 0, '2014-06-24 00:14:21'),
(1999, 2, 1, 8, 0, '2014-06-24 00:14:26'),
(2000, 2, 1, 8, 54, '2014-06-24 00:14:28'),
(2001, 2, 1, 6, 10, '2014-06-24 00:14:28'),
(2002, 10, 1, 8, 54, '2014-06-24 00:14:45'),
(2003, 10, 1, 6, 10, '2014-06-24 00:14:45'),
(2004, 2, 1, 8, 54, '2014-06-24 00:18:34'),
(2005, 2, 1, 6, 10, '2014-06-24 00:18:34'),
(2006, 10, 1, 8, 54, '2014-06-24 00:18:50'),
(2007, 10, 1, 6, 10, '2014-06-24 00:18:50'),
(2008, 2, 1, 8, 54, '2014-06-24 00:18:59'),
(2009, 2, 1, 6, 10, '2014-06-24 00:18:59'),
(2010, 2, 1, 0, 0, '2014-06-24 00:19:15'),
(2011, 2, 1, 8, 0, '2014-06-24 00:19:33'),
(2012, 2, 1, 8, 54, '2014-06-24 00:19:35'),
(2013, 2, 1, 6, 10, '2014-06-24 00:19:35'),
(2014, 2, 1, 8, 54, '2014-06-24 00:20:05'),
(2015, 2, 1, 6, 10, '2014-06-24 00:20:05'),
(2016, 10, 1, 8, 54, '2014-06-24 00:20:19'),
(2017, 10, 1, 6, 10, '2014-06-24 00:20:19'),
(2018, 2, 1, 0, 0, '2014-06-24 00:22:13'),
(2019, 10, 1, 8, 54, '2014-06-24 00:23:31'),
(2020, 10, 1, 6, 10, '2014-06-24 00:23:31'),
(2021, 2, 1, 0, 0, '2014-06-24 00:23:37'),
(2022, 2, 1, 8, 0, '2014-06-24 00:23:53'),
(2023, 2, 1, 8, 0, '2014-06-24 00:23:55'),
(2024, 2, 1, 8, 54, '2014-06-24 00:23:58'),
(2025, 2, 1, 6, 10, '2014-06-24 00:23:58'),
(2026, 10, 1, 8, 54, '2014-06-24 00:24:12'),
(2027, 10, 1, 6, 10, '2014-06-24 00:24:12'),
(2028, 2, 1, 0, 0, '2014-06-24 00:25:07'),
(2029, 10, 1, 8, 54, '2014-06-24 00:27:50'),
(2030, 10, 1, 6, 10, '2014-06-24 00:27:50'),
(2031, 2, 1, 0, 0, '2014-06-24 00:27:54'),
(2032, 10, 1, 8, 54, '2014-06-24 00:27:58'),
(2033, 10, 1, 6, 10, '2014-06-24 00:27:58'),
(2034, 10, 1, 6, 0, '2014-06-24 00:28:02'),
(2035, 10, 1, 6, 10, '2014-06-24 00:28:02'),
(2036, 10, 1, 2, 0, '2014-06-24 00:28:05'),
(2037, 2, 1, 0, 0, '2014-06-24 00:28:07'),
(2038, 2, 1, 0, 0, '2014-06-24 00:28:33'),
(2039, 10, 1, 2, 0, '2014-06-24 00:28:40'),
(2040, 2, 1, 0, 0, '2014-06-24 00:28:42'),
(2041, 2, 1, 8, 0, '2014-06-24 00:28:47'),
(2042, 2, 1, 8, 54, '2014-06-24 00:28:48'),
(2043, 2, 1, 6, 10, '2014-06-24 00:28:48'),
(2044, 10, 1, 8, 54, '2014-06-24 00:29:01'),
(2045, 10, 1, 6, 10, '2014-06-24 00:29:01'),
(2046, 10, 1, 8, 54, '2014-06-24 00:32:00'),
(2047, 10, 1, 6, 10, '2014-06-24 00:32:00'),
(2048, 2, 1, 8, 54, '2014-06-24 00:32:13'),
(2049, 2, 1, 6, 10, '2014-06-24 00:32:13'),
(2050, 10, 1, 8, 54, '2014-06-24 00:32:38'),
(2051, 10, 1, 6, 10, '2014-06-24 00:32:38'),
(2052, 2, 1, 0, 0, '2014-06-24 00:35:43'),
(2053, 10, 1, 0, 0, '2014-06-24 00:36:09'),
(2054, 10, 1, 0, 0, '2014-06-24 00:36:12'),
(2055, 2, 1, 8, 0, '2014-06-24 00:36:16'),
(2056, 2, 1, 8, 54, '2014-06-24 00:36:18'),
(2057, 2, 1, 6, 10, '2014-06-24 00:36:18'),
(2058, 10, 1, 0, 0, '2014-06-24 00:36:29'),
(2059, 2, 1, 0, 0, '2014-06-24 00:36:38'),
(2060, 2, 1, 8, 0, '2014-06-24 00:36:41'),
(2061, 10, 1, 0, 0, '2014-06-24 00:36:44'),
(2062, 2, 1, 8, 54, '2014-06-24 00:36:49'),
(2063, 2, 1, 6, 10, '2014-06-24 00:36:49'),
(2064, 10, 1, 8, 54, '2014-06-24 00:37:00'),
(2065, 10, 1, 6, 10, '2014-06-24 00:37:00'),
(2066, 10, 1, 8, 54, '2014-06-24 00:38:37'),
(2067, 10, 1, 6, 10, '2014-06-24 00:38:38'),
(2068, 2, 1, 8, 54, '2014-06-24 01:00:57'),
(2069, 2, 1, 6, 10, '2014-06-24 01:00:58'),
(2070, 10, 1, 8, 54, '2014-06-24 01:01:04'),
(2071, 10, 1, 6, 10, '2014-06-24 01:01:04'),
(2072, 2, 1, 8, 54, '2014-06-24 01:01:18'),
(2073, 2, 1, 6, 10, '2014-06-24 01:01:18'),
(2074, 10, 1, 8, 54, '2014-06-24 01:01:26'),
(2075, 10, 1, 6, 10, '2014-06-24 01:01:26'),
(2076, 10, 1, 8, 54, '2014-06-24 01:03:56'),
(2077, 10, 1, 6, 10, '2014-06-24 01:03:56'),
(2078, 2, 1, 8, 54, '2014-06-24 01:03:57'),
(2079, 2, 1, 6, 10, '2014-06-24 01:03:57'),
(2080, 2, 1, 8, 54, '2014-06-24 01:04:02'),
(2081, 2, 1, 6, 10, '2014-06-24 01:04:02'),
(2082, 2, 1, 8, 54, '2014-06-24 01:04:07'),
(2083, 2, 1, 6, 10, '2014-06-24 01:04:07'),
(2084, 10, 1, 8, 54, '2014-06-24 01:05:12'),
(2085, 10, 1, 6, 10, '2014-06-24 01:05:12'),
(2086, 10, 1, 8, 54, '2014-06-24 01:06:00'),
(2087, 10, 1, 6, 10, '2014-06-24 01:06:00'),
(2088, 2, 1, 8, 54, '2014-06-24 01:11:52'),
(2089, 2, 1, 6, 10, '2014-06-24 01:11:52'),
(2090, 2, 1, 8, 54, '2014-06-24 01:11:56'),
(2091, 2, 1, 6, 10, '2014-06-24 01:11:56'),
(2092, 2, 1, 8, 54, '2014-06-24 01:12:48'),
(2093, 2, 1, 6, 10, '2014-06-24 01:12:48'),
(2094, 2, 1, 8, 54, '2014-06-24 01:21:40'),
(2095, 2, 1, 6, 10, '2014-06-24 01:21:40'),
(2096, 2, 1, 0, 0, '2014-06-24 01:21:45'),
(2097, 2, 1, 6, 0, '2014-06-24 01:23:49'),
(2098, 2, 1, 8, 0, '2014-06-24 01:24:32'),
(2099, 2, 1, 8, 54, '2014-06-24 01:24:33'),
(2100, 2, 1, 6, 10, '2014-06-24 01:24:33'),
(2101, 2, 1, 0, 0, '2014-06-24 18:16:18'),
(2102, 2, 1, 0, 0, '2014-06-24 21:57:41'),
(2103, 2, 1, 6, 0, '2014-06-24 21:57:55'),
(2104, 2, 1, 0, 0, '2014-06-24 21:57:56'),
(2105, 10, 1, 0, 0, '2014-06-24 21:58:11'),
(2106, 10, 1, 0, 0, '2014-06-24 21:58:22'),
(2107, 2, 1, 8, 0, '2014-06-24 21:58:28'),
(2108, 2, 1, 8, 54, '2014-06-24 21:58:29'),
(2109, 2, 1, 6, 10, '2014-06-24 21:58:29'),
(2110, 10, 1, 8, 54, '2014-06-24 21:58:51'),
(2111, 10, 1, 6, 10, '2014-06-24 21:58:51'),
(2112, 2, 1, 0, 0, '2014-06-24 23:08:49'),
(2113, 1, 1, 0, 0, '2014-06-24 23:28:06'),
(2114, 1, 1, 0, 0, '2014-06-24 23:32:58'),
(2115, 1, 1, 0, 0, '2014-06-24 23:36:02'),
(2116, 1, 1, 5, 0, '2014-06-24 23:36:06'),
(2117, 1, 1, 5, 0, '2014-06-24 23:37:06'),
(2118, 1, 1, 5, 0, '2014-06-24 23:37:16'),
(2119, 3, 1, 0, 0, '2014-06-24 23:38:56'),
(2120, 3, 1, 1, 0, '2014-06-24 23:39:00'),
(2121, 3, 1, 1, 19, '2014-06-24 23:39:06'),
(2122, 19, 1, 0, 0, '2014-06-24 23:39:48'),
(2123, 19, 1, 8, 0, '2014-06-24 23:39:54'),
(2124, 1, 1, 0, 0, '2014-06-24 23:40:19'),
(2125, 12, 1, 0, 0, '2014-06-24 23:40:35'),
(2126, 12, 1, 1, 12, '2014-06-24 23:40:38'),
(2127, 12, 1, 8, 0, '2014-06-24 23:40:40'),
(2128, 12, 1, 8, 55, '2014-06-24 23:40:43'),
(2129, 12, 1, 6, 19, '2014-06-24 23:40:43'),
(2130, 19, 1, 0, 0, '2014-06-24 23:42:08'),
(2131, 19, 1, 6, 0, '2014-06-24 23:42:11'),
(2132, 19, 1, 6, 19, '2014-06-24 23:42:11'),
(2133, 19, 1, 6, 0, '2014-06-24 23:42:18'),
(2134, 19, 1, 6, 19, '2014-06-24 23:42:19'),
(2135, 19, 1, 2, 0, '2014-06-24 23:42:19'),
(2136, 19, 1, 6, 0, '2014-06-24 23:42:24'),
(2137, 19, 1, 6, 19, '2014-06-24 23:42:24'),
(2138, 1, 1, 0, 0, '2014-06-24 23:44:06'),
(2139, 1, 1, 0, 0, '2014-06-25 18:29:16'),
(2140, 3, 1, 0, 0, '2014-06-25 18:35:59'),
(2141, 3, 1, 5, 0, '2014-06-25 18:36:02'),
(2142, 3, 1, 1, 0, '2014-06-25 18:37:37'),
(2143, 3, 1, 1, 20, '2014-06-25 18:37:52'),
(2144, 20, 1, 0, 0, '2014-06-25 19:17:48'),
(2145, 2, 1, 0, 0, '2014-06-25 19:18:17'),
(2146, 2, 1, 8, 0, '2014-06-25 19:18:38'),
(2147, 2, 1, 8, 56, '2014-06-25 19:18:39'),
(2148, 2, 1, 6, 20, '2014-06-25 19:18:39'),
(2149, 2, 1, 8, 56, '2014-06-25 19:18:50'),
(2150, 2, 1, 6, 20, '2014-06-25 19:18:50'),
(2151, 20, 1, 0, 0, '2014-06-25 19:20:03'),
(2152, 2, 1, 8, 56, '2014-06-25 19:20:14'),
(2153, 2, 1, 6, 20, '2014-06-25 19:20:15'),
(2154, 20, 1, 0, 0, '2014-06-25 19:20:18'),
(2155, 20, 1, 8, 56, '2014-06-25 19:20:32'),
(2156, 20, 1, 6, 20, '2014-06-25 19:20:32'),
(2157, 1, 1, 0, 0, '2014-06-26 00:18:09'),
(2158, 1, 1, 7, 0, '2014-06-26 00:18:12'),
(2159, 3, 1, 0, 0, '2014-06-26 00:18:48'),
(2160, 3, 1, 0, 0, '2014-06-26 00:19:47'),
(2161, 3, 1, 5, 0, '2014-06-26 00:19:51'),
(2162, 3, 1, 5, 0, '2014-06-26 00:20:10'),
(2163, 3, 1, 5, 0, '2014-06-26 00:20:24'),
(2164, 3, 1, 5, 0, '2014-06-26 00:21:18'),
(2165, 3, 1, 5, 0, '2014-06-26 00:21:57'),
(2166, 3, 1, 5, 0, '2014-06-26 00:22:21'),
(2167, 3, 1, 5, 0, '2014-06-26 00:24:07'),
(2168, 1, 1, 0, 0, '2014-06-26 00:24:34'),
(2169, 1, 1, 0, 0, '2014-06-26 17:12:21'),
(2170, 1, 1, 0, 0, '2014-06-26 17:14:40'),
(2171, 1, 1, 0, 0, '2014-06-26 17:43:15'),
(2172, 1, 1, 0, 0, '2014-06-26 17:44:05'),
(2173, 1, 1, 0, 0, '2014-06-26 17:51:01'),
(2174, 1, 1, 0, 0, '2014-06-26 17:51:54'),
(2175, 1, 1, 0, 0, '2014-06-26 17:58:19'),
(2176, 1, 1, 0, 0, '2014-06-26 18:02:00'),
(2177, 1, 1, 5, 0, '2014-06-26 18:13:55'),
(2178, 1, 1, 5, 0, '2014-06-26 18:15:10'),
(2179, 1, 1, 6, 0, '2014-06-26 18:48:39'),
(2180, 1, 1, 6, 17, '2014-06-26 18:48:41'),
(2181, 1, 1, 0, 0, '2014-06-26 18:50:03'),
(2182, 1, 1, 1, 0, '2014-06-26 18:50:25'),
(2183, 1, 1, 1, 10, '2014-06-26 18:50:33'),
(2184, 1, 1, 5, 0, '2014-06-26 18:51:12'),
(2185, 10, 1, 0, 0, '2014-06-26 18:51:38'),
(2186, 1, 1, 1, 0, '2014-06-26 18:51:49'),
(2187, 1, 1, 1, 10, '2014-06-26 18:51:52'),
(2188, 11, 1, 0, 0, '2014-06-26 18:53:03'),
(2189, 11, 1, 8, 0, '2014-06-26 18:53:10'),
(2190, 11, 1, 8, 57, '2014-06-26 18:53:11'),
(2191, 11, 1, 6, 10, '2014-06-26 18:53:11'),
(2192, 11, 1, 0, 0, '2014-06-26 18:53:42'),
(2193, 10, 1, 0, 0, '2014-06-26 18:54:01'),
(2194, 11, 1, 8, 0, '2014-06-26 18:54:08'),
(2195, 11, 1, 8, 57, '2014-06-26 18:54:09'),
(2196, 11, 1, 6, 10, '2014-06-26 18:54:09'),
(2197, 10, 1, 8, 57, '2014-06-26 18:54:30'),
(2198, 10, 1, 6, 10, '2014-06-26 18:54:30'),
(2199, 11, 1, 1, 11, '2014-06-26 19:01:37'),
(2200, 1, 1, 0, 0, '2014-06-26 19:01:47'),
(2201, 1, 1, 6, 0, '2014-06-26 19:06:45'),
(2202, 1, 1, 7, 0, '2014-06-26 19:06:50'),
(2203, 1, 1, 7, 0, '2014-06-26 19:06:56'),
(2204, 1, 1, 2, 0, '2014-06-26 19:07:04'),
(2205, 1, 1, 5, 0, '2014-06-26 19:23:46'),
(2206, 1, 1, 5, 0, '2014-06-26 19:25:22'),
(2207, 1, 1, 0, 0, '2014-06-26 19:26:24'),
(2208, 1, 1, 5, 0, '2014-06-26 19:26:35'),
(2209, 1, 1, 5, 0, '2014-06-26 19:47:25'),
(2210, 1, 1, 5, 0, '2014-06-26 19:48:35'),
(2211, 1, 1, 5, 0, '2014-06-26 19:48:42'),
(2212, 1, 1, 5, 0, '2014-06-26 19:50:09'),
(2213, 1, 1, 5, 0, '2014-06-26 19:51:43'),
(2214, 1, 1, 0, 0, '2014-06-26 20:28:22'),
(2215, 1, 1, 0, 0, '2014-06-26 20:28:56'),
(2216, 1, 1, 0, 0, '2014-06-26 20:30:05'),
(2217, 1, 1, 6, 0, '2014-06-26 20:30:14'),
(2218, 1, 1, 6, 21, '2014-06-26 20:30:15'),
(2219, 1, 1, 6, 0, '2014-06-26 20:30:16'),
(2220, 1, 1, 5, 0, '2014-06-26 20:30:45'),
(2221, 1, 1, 6, 0, '2014-06-26 20:30:58'),
(2222, 1, 1, 6, 0, '2014-06-26 20:31:03'),
(2223, 1, 1, 6, 0, '2014-06-26 20:32:51'),
(2224, 1, 1, 5, 0, '2014-06-26 20:33:07'),
(2225, 1, 1, 6, 0, '2014-06-26 20:33:22'),
(2226, 2, 1, 0, 0, '2014-06-26 21:44:52'),
(2227, 2, 1, 2, 0, '2014-06-26 21:46:30'),
(2228, 2, 1, 8, 0, '2014-06-26 21:46:30'),
(2229, 2, 1, 6, 0, '2014-06-26 21:46:33'),
(2230, 2, 1, 6, 4, '2014-06-26 21:46:36'),
(2231, 2, 1, 2, 4, '2014-06-26 21:46:38'),
(2232, 2, 1, 6, 4, '2014-06-26 21:46:39'),
(2233, 2, 1, 6, 0, '2014-06-26 21:47:06'),
(2234, 2, 1, 6, 10, '2014-06-26 21:47:07'),
(2235, 2, 1, 0, 0, '2014-06-26 21:48:11'),
(2236, 2, 1, 6, 0, '2014-06-26 21:48:14'),
(2237, 2, 1, 6, 0, '2014-06-26 21:48:15'),
(2238, 2, 1, 6, 0, '2014-06-26 21:48:22'),
(2239, 2, 1, 6, 0, '2014-06-26 21:48:45'),
(2240, 2, 1, 6, 10, '2014-06-26 21:48:50'),
(2241, 2, 1, 8, 0, '2014-06-26 21:52:16'),
(2242, 3, 1, 0, 0, '2014-06-26 21:52:29'),
(2243, 3, 1, 1, 0, '2014-06-26 21:52:46'),
(2244, 3, 1, 1, 20, '2014-06-26 21:52:50'),
(2245, 3, 1, 1, 2, '2014-06-26 21:53:06'),
(2246, 3, 1, 1, 2, '2014-06-26 21:53:31'),
(2247, 3, 1, 1, 0, '2014-06-26 21:53:59'),
(2248, 3, 1, 1, 20, '2014-06-26 21:54:05'),
(2249, 2, 1, 0, 0, '2014-06-26 21:54:46'),
(2250, 2, 1, 8, 0, '2014-06-26 21:56:35'),
(2251, 2, 1, 8, 59, '2014-06-26 21:56:49'),
(2252, 2, 1, 6, 10, '2014-06-26 21:56:49'),
(2253, 2, 1, 8, 59, '2014-06-26 22:02:20'),
(2254, 2, 1, 6, 10, '2014-06-26 22:02:20'),
(2255, 2, 1, 8, 59, '2014-06-26 22:03:42'),
(2256, 2, 1, 6, 10, '2014-06-26 22:03:42'),
(2257, 11, 1, 0, 0, '2014-06-26 22:04:07'),
(2258, 11, 1, 0, 0, '2014-06-26 22:04:08'),
(2259, 2, 1, 0, 0, '2014-06-26 22:04:14'),
(2260, 10, 1, 0, 0, '2014-06-26 22:05:06'),
(2261, 10, 1, 8, 0, '2014-06-26 22:05:16'),
(2262, 2, 1, 8, 0, '2014-06-26 22:05:20'),
(2263, 2, 1, 8, 58, '2014-06-26 22:05:22'),
(2264, 2, 1, 6, 10, '2014-06-26 22:05:22'),
(2265, 10, 1, 8, 58, '2014-06-26 22:05:36'),
(2266, 10, 1, 6, 10, '2014-06-26 22:05:36'),
(2267, 2, 1, 8, 58, '2014-06-26 22:07:23'),
(2268, 2, 1, 6, 10, '2014-06-26 22:07:23'),
(2269, 2, 1, 8, 58, '2014-06-26 23:00:02'),
(2270, 2, 1, 6, 10, '2014-06-26 23:00:02'),
(2271, 2, 1, 8, 58, '2014-06-26 23:01:43'),
(2272, 2, 1, 6, 10, '2014-06-26 23:01:43'),
(2273, 2, 1, 8, 58, '2014-06-26 23:03:19'),
(2274, 2, 1, 6, 10, '2014-06-26 23:03:19'),
(2275, 2, 1, 8, 58, '2014-06-26 23:04:25'),
(2276, 2, 1, 6, 10, '2014-06-26 23:04:25'),
(2277, 10, 1, 8, 0, '2014-06-26 23:04:59'),
(2278, 2, 1, 8, 58, '2014-06-26 23:05:15'),
(2279, 2, 1, 6, 10, '2014-06-26 23:05:15'),
(2280, 2, 1, 8, 58, '2014-06-26 23:05:35'),
(2281, 2, 1, 6, 10, '2014-06-26 23:05:35'),
(2282, 2, 1, 8, 58, '2014-06-26 23:05:40'),
(2283, 2, 1, 6, 10, '2014-06-26 23:05:40'),
(2284, 2, 1, 6, 0, '2014-06-26 23:05:55'),
(2285, 2, 1, 6, 10, '2014-06-26 23:05:56'),
(2286, 2, 1, 8, 0, '2014-06-26 23:06:05'),
(2287, 2, 1, 2, 0, '2014-06-26 23:06:07'),
(2288, 2, 1, 8, 0, '2014-06-26 23:06:09'),
(2289, 2, 1, 8, 58, '2014-06-26 23:06:25'),
(2290, 2, 1, 6, 10, '2014-06-26 23:06:25'),
(2291, 2, 1, 8, 58, '2014-06-26 23:11:21'),
(2292, 2, 1, 6, 10, '2014-06-26 23:11:21'),
(2293, 2, 1, 0, 0, '2014-06-26 23:11:58'),
(2294, 2, 1, 8, 0, '2014-06-26 23:12:03'),
(2295, 2, 1, 8, 58, '2014-06-26 23:12:05'),
(2296, 2, 1, 6, 10, '2014-06-26 23:12:05'),
(2297, 2, 1, 8, 58, '2014-06-26 23:12:12'),
(2298, 2, 1, 6, 10, '2014-06-26 23:12:12'),
(2299, 2, 1, 8, 58, '2014-06-26 23:22:23'),
(2300, 2, 1, 6, 10, '2014-06-26 23:22:23'),
(2301, 2, 1, 8, 58, '2014-06-26 23:22:48'),
(2302, 2, 1, 6, 10, '2014-06-26 23:22:48'),
(2303, 2, 1, 8, 58, '2014-06-26 23:23:12'),
(2304, 2, 1, 8, 0, '2014-06-26 23:23:12'),
(2305, 2, 1, 8, 58, '2014-06-26 23:23:40'),
(2306, 2, 1, 6, 10, '2014-06-26 23:23:40'),
(2307, 2, 1, 8, 58, '2014-06-26 23:26:42'),
(2308, 2, 1, 6, 10, '2014-06-26 23:26:43'),
(2309, 2, 1, 8, 58, '2014-06-26 23:28:24'),
(2310, 2, 1, 6, 10, '2014-06-26 23:28:24'),
(2311, 2, 1, 8, 58, '2014-06-26 23:28:50'),
(2312, 2, 1, 6, 10, '2014-06-26 23:28:51'),
(2313, 2, 1, 8, 58, '2014-06-26 23:29:20'),
(2314, 2, 1, 6, 10, '2014-06-26 23:29:20'),
(2315, 2, 1, 8, 58, '2014-06-26 23:35:20'),
(2316, 2, 1, 6, 10, '2014-06-26 23:35:20'),
(2317, 2, 1, 8, 0, '2014-06-26 23:35:23'),
(2318, 2, 1, 8, 58, '2014-06-26 23:35:30'),
(2319, 2, 1, 6, 10, '2014-06-26 23:35:30'),
(2320, 2, 1, 8, 58, '2014-06-26 23:35:39'),
(2321, 2, 1, 6, 10, '2014-06-26 23:35:39'),
(2322, 2, 1, 8, 58, '2014-06-26 23:36:06'),
(2323, 2, 1, 6, 10, '2014-06-26 23:36:06'),
(2324, 2, 1, 8, 58, '2014-06-26 23:36:27'),
(2325, 2, 1, 6, 10, '2014-06-26 23:36:27'),
(2326, 2, 1, 8, 0, '2014-06-26 23:36:33'),
(2327, 10, 1, 8, 0, '2014-06-26 23:36:54'),
(2328, 10, 1, 0, 0, '2014-06-26 23:39:36'),
(2329, 10, 1, 8, 0, '2014-06-26 23:39:39'),
(2330, 10, 1, 8, 0, '2014-06-26 23:40:07'),
(2331, 2, 1, 0, 0, '2014-06-26 23:41:51'),
(2332, 2, 1, 8, 0, '2014-06-26 23:41:53'),
(2333, 2, 1, 8, 59, '2014-06-26 23:41:56'),
(2334, 2, 1, 6, 10, '2014-06-26 23:41:56'),
(2335, 2, 1, 8, 0, '2014-06-26 23:42:00'),
(2336, 10, 1, 0, 0, '2014-06-26 23:42:09'),
(2337, 10, 1, 8, 0, '2014-06-26 23:42:11'),
(2338, 10, 1, 6, 0, '2014-06-26 23:42:51'),
(2339, 10, 1, 6, 10, '2014-06-26 23:42:51'),
(2340, 2, 1, 0, 0, '2014-06-26 23:43:16'),
(2341, 1, 1, 0, 0, '2014-06-26 23:45:38'),
(2342, 1, 1, 0, 0, '2014-06-26 23:46:04'),
(2343, 1, 1, 7, 0, '2014-06-26 23:57:11'),
(2344, 1, 1, 7, 0, '2014-06-26 23:57:38'),
(2345, 1, 1, 1, 0, '2014-06-27 00:07:25'),
(2346, 1, 1, 7, 0, '2014-06-27 00:07:29'),
(2347, 1, 1, 7, 0, '2014-06-27 00:08:12'),
(2348, 10, 1, 8, 0, '2014-06-27 00:08:27'),
(2349, 10, 1, 2, 0, '2014-06-27 00:08:29'),
(2350, 10, 1, 2, 2, '2014-06-27 00:08:34'),
(2351, 10, 1, 2, 0, '2014-06-27 00:08:37'),
(2352, 10, 1, 0, 0, '2014-06-27 00:12:37'),
(2353, 10, 1, 8, 0, '2014-06-27 00:12:40'),
(2354, 10, 1, 1, 10, '2014-06-27 00:12:44'),
(2355, 3, 1, 0, 0, '2014-06-27 00:13:10'),
(2356, 3, 1, 1, 0, '2014-06-27 00:14:23'),
(2357, 3, 1, 1, 10, '2014-06-27 00:14:40'),
(2358, 2, 1, 0, 0, '2014-06-27 00:16:31'),
(2359, 2, 1, 8, 0, '2014-06-27 00:16:33'),
(2360, 2, 1, 8, 60, '2014-06-27 00:16:35'),
(2361, 2, 1, 6, 10, '2014-06-27 00:16:35'),
(2362, 10, 1, 2, 0, '2014-06-27 00:16:48'),
(2363, 10, 1, 8, 0, '2014-06-27 00:16:51'),
(2364, 10, 1, 8, 60, '2014-06-27 00:17:09'),
(2365, 10, 1, 6, 10, '2014-06-27 00:17:09'),
(2366, 10, 1, 8, 60, '2014-06-27 00:20:51'),
(2367, 10, 1, 6, 10, '2014-06-27 00:20:51'),
(2368, 2, 1, 8, 60, '2014-06-27 00:20:58'),
(2369, 2, 1, 6, 10, '2014-06-27 00:20:58'),
(2370, 10, 1, 8, 60, '2014-06-27 00:21:08'),
(2371, 10, 1, 6, 10, '2014-06-27 00:21:08'),
(2372, 2, 1, 8, 60, '2014-06-27 00:22:28'),
(2373, 2, 1, 6, 10, '2014-06-27 00:22:28'),
(2374, 2, 1, 8, 60, '2014-06-27 00:36:13'),
(2375, 2, 1, 6, 10, '2014-06-27 00:36:13'),
(2376, 2, 1, 8, 0, '2014-06-27 00:36:23'),
(2377, 2, 1, 1, 2, '2014-06-27 00:36:25'),
(2378, 2, 1, 8, 0, '2014-06-27 00:37:25'),
(2379, 10, 1, 8, 60, '2014-06-27 00:37:33'),
(2380, 10, 1, 8, 0, '2014-06-27 00:37:33'),
(2381, 10, 1, 8, 0, '2014-06-27 00:38:58'),
(2382, 2, 1, 8, 0, '2014-06-27 00:40:54'),
(2383, 2, 1, 8, 61, '2014-06-27 00:40:56'),
(2384, 2, 1, 6, 10, '2014-06-27 00:40:56'),
(2385, 2, 1, 8, 0, '2014-06-27 00:40:59'),
(2386, 2, 1, 8, 0, '2014-06-27 00:41:02'),
(2387, 2, 1, 8, 61, '2014-06-27 00:41:04'),
(2388, 2, 1, 6, 10, '2014-06-27 00:41:04'),
(2389, 2, 1, 8, 0, '2014-06-27 00:41:07'),
(2390, 2, 1, 8, 60, '2014-06-27 00:41:09'),
(2391, 2, 1, 6, 10, '2014-06-27 00:41:09'),
(2392, 2, 1, 8, 0, '2014-06-27 00:41:11'),
(2393, 10, 1, 8, 0, '2014-06-27 00:41:31'),
(2394, 10, 1, 8, 0, '2014-06-27 00:42:25'),
(2395, 2, 1, 8, 61, '2014-06-27 00:42:47'),
(2396, 2, 1, 6, 10, '2014-06-27 00:42:47'),
(2397, 10, 1, 8, 0, '2014-06-27 00:43:04'),
(2398, 2, 1, 8, 61, '2014-06-27 00:43:09'),
(2399, 2, 1, 6, 10, '2014-06-27 00:43:09'),
(2400, 10, 1, 8, 0, '2014-06-27 00:43:33'),
(2401, 10, 1, 8, 61, '2014-06-27 00:43:46'),
(2402, 10, 1, 6, 10, '2014-06-27 00:43:46'),
(2403, 10, 1, 8, 0, '2014-06-27 00:43:54'),
(2404, 10, 1, 8, 0, '2014-06-27 00:46:28'),
(2405, 10, 1, 8, 0, '2014-06-27 00:46:44'),
(2406, 10, 1, 8, 0, '2014-06-27 00:46:59'),
(2407, 10, 1, 8, 0, '2014-06-27 00:47:30'),
(2408, 10, 1, 8, 61, '2014-06-27 00:47:32'),
(2409, 10, 1, 6, 10, '2014-06-27 00:47:32'),
(2410, 2, 1, 8, 61, '2014-06-27 00:54:32'),
(2411, 2, 1, 6, 10, '2014-06-27 00:54:32'),
(2412, 2, 1, 8, 61, '2014-06-27 00:56:34'),
(2413, 2, 1, 6, 10, '2014-06-27 00:56:34'),
(2414, 2, 1, 8, 61, '2014-06-27 00:58:29'),
(2415, 2, 1, 6, 10, '2014-06-27 00:58:29'),
(2416, 2, 1, 8, 61, '2014-06-27 00:59:15'),
(2417, 2, 1, 6, 10, '2014-06-27 00:59:15'),
(2418, 2, 1, 8, 61, '2014-06-27 00:59:34'),
(2419, 2, 1, 6, 10, '2014-06-27 00:59:34'),
(2420, 2, 1, 8, 61, '2014-06-27 01:00:55'),
(2421, 2, 1, 6, 10, '2014-06-27 01:00:55'),
(2422, 2, 1, 8, 61, '2014-06-27 01:01:46'),
(2423, 2, 1, 6, 10, '2014-06-27 01:01:46'),
(2424, 1, 1, 0, 0, '2014-06-27 01:05:11'),
(2425, 24, 1, 0, 0, '2014-06-27 01:15:45'),
(2426, 24, 1, 5, 0, '2014-06-27 01:15:53'),
(2427, 24, 1, 0, 0, '2014-06-27 01:17:09'),
(2428, 24, 1, 5, 0, '2014-06-27 01:17:11'),
(2429, 24, 1, 5, 0, '2014-06-27 01:18:04'),
(2430, 24, 1, 5, 0, '2014-06-27 01:20:10'),
(2431, 24, 1, 5, 0, '2014-06-27 01:22:51'),
(2432, 24, 1, 1, 0, '2014-06-27 01:24:30'),
(2433, 24, 1, 1, 0, '2014-06-27 01:24:35');
INSERT INTO `log` (`id`, `user`, `action`, `tool`, `element`, `date`) VALUES
(2434, 24, 1, 1, 21, '2014-06-27 01:24:44'),
(2435, 24, 1, 1, 0, '2014-06-27 01:25:12'),
(2436, 24, 1, 1, 21, '2014-06-27 01:25:18'),
(2437, 24, 1, 1, 21, '2014-06-27 01:28:02'),
(2438, 24, 1, 2, 0, '2014-06-27 01:31:18'),
(2439, 24, 1, 2, 21, '2014-06-27 01:31:22'),
(2440, 1, 1, 0, 0, '2014-06-27 01:32:16'),
(2441, 1, 1, 2, 0, '2014-06-27 01:32:20'),
(2442, 1, 1, 2, 2, '2014-06-27 01:32:25'),
(2443, 1, 1, 2, 2, '2014-06-27 01:33:09'),
(2444, 1, 1, 2, 2, '2014-06-27 01:34:11'),
(2445, 1, 1, 2, 2, '2014-06-27 01:34:59'),
(2446, 1, 1, 2, 2, '2014-06-27 01:35:15'),
(2447, 1, 1, 2, 2, '2014-06-27 01:35:34'),
(2448, 1, 1, 2, 2, '2014-06-27 01:36:33'),
(2449, 1, 1, 2, 2, '2014-06-27 01:36:50'),
(2450, 1, 1, 2, 2, '2014-06-27 01:39:24'),
(2451, 1, 1, 2, 2, '2014-06-27 01:39:41'),
(2452, 1, 1, 2, 2, '2014-06-27 01:40:07'),
(2453, 1, 1, 6, 0, '2014-06-27 01:51:12'),
(2454, 1, 1, 6, 0, '2014-06-27 01:52:05'),
(2455, 1, 1, 2, 0, '2014-06-27 01:52:41'),
(2456, 1, 1, 0, 0, '2014-06-27 01:53:39'),
(2457, 24, 1, 0, 0, '2014-06-27 01:55:45'),
(2458, 24, 1, 5, 0, '2014-06-27 01:55:56'),
(2459, 24, 1, 1, 0, '2014-06-27 01:56:30'),
(2460, 24, 1, 1, 26, '2014-06-27 01:56:41'),
(2461, 25, 1, 0, 0, '2014-06-27 01:58:15'),
(2462, 24, 1, 0, 0, '2014-06-27 01:58:58'),
(2463, 26, 1, 0, 0, '2014-06-27 01:59:15'),
(2464, 25, 1, 0, 0, '2014-06-27 01:59:34'),
(2465, 25, 1, 8, 0, '2014-06-27 01:59:41'),
(2466, 25, 1, 8, 64, '2014-06-27 01:59:50'),
(2467, 25, 1, 6, 26, '2014-06-27 01:59:50'),
(2468, 26, 1, 8, 64, '2014-06-27 02:00:19'),
(2469, 26, 1, 6, 26, '2014-06-27 02:00:19'),
(2470, 1, 1, 0, 0, '2014-06-27 02:01:00'),
(2471, 1, 1, 0, 0, '2014-06-27 02:01:03'),
(2472, 26, 1, 8, 64, '2014-06-27 02:01:56'),
(2473, 26, 1, 8, 0, '2014-06-27 02:01:56'),
(2474, 26, 1, 6, 0, '2014-06-27 02:02:04'),
(2475, 26, 1, 6, 26, '2014-06-27 02:02:04'),
(2476, 1, 1, 0, 0, '2014-06-27 02:02:31'),
(2477, 24, 1, 0, 0, '2014-06-27 02:04:07'),
(2478, 24, 1, 5, 0, '2014-06-27 02:04:14'),
(2479, 24, 1, 1, 0, '2014-06-27 02:04:51'),
(2480, 24, 1, 1, 27, '2014-06-27 02:04:56'),
(2481, 24, 1, 1, 25, '2014-06-27 02:05:34'),
(2482, 27, 1, 0, 0, '2014-06-27 02:06:04'),
(2483, 25, 1, 0, 0, '2014-06-27 02:06:29'),
(2484, 25, 1, 8, 0, '2014-06-27 02:06:41'),
(2485, 25, 1, 8, 65, '2014-06-27 02:06:48'),
(2486, 25, 1, 6, 27, '2014-06-27 02:06:48'),
(2487, 27, 1, 8, 65, '2014-06-27 02:07:25'),
(2488, 27, 1, 6, 27, '2014-06-27 02:07:25'),
(2489, 25, 1, 8, 0, '2014-06-27 02:10:04'),
(2490, 25, 1, 6, 0, '2014-06-27 02:10:15'),
(2491, 25, 1, 6, 27, '2014-06-27 02:10:16'),
(2492, 25, 1, 0, 0, '2014-06-27 02:36:17'),
(2493, 25, 1, 8, 0, '2014-06-27 02:36:27'),
(2494, 25, 1, 8, 65, '2014-06-27 02:36:28'),
(2495, 25, 1, 6, 27, '2014-06-27 02:36:28'),
(2496, 25, 1, 8, 0, '2014-06-27 02:36:32'),
(2497, 25, 1, 8, 62, '2014-06-27 02:36:33'),
(2498, 25, 1, 6, 21, '2014-06-27 02:36:33'),
(2499, 1, 1, 0, 0, '2014-06-27 02:47:59'),
(2500, 1, 1, 5, 0, '2014-06-27 02:48:01'),
(2501, 1, 1, 5, 0, '2014-06-27 02:48:25'),
(2502, 1, 1, 5, 0, '2014-06-27 02:49:31'),
(2503, 1, 1, 5, 0, '2014-06-27 02:49:36'),
(2504, 1, 1, 5, 0, '2014-06-27 02:49:38'),
(2505, 1, 1, 5, 0, '2014-06-27 02:50:58'),
(2506, 1, 1, 0, 0, '2014-06-27 06:13:51'),
(2507, 2, 1, 0, 0, '2014-06-27 06:14:02'),
(2508, 2, 1, 8, 0, '2014-06-27 06:14:04'),
(2509, 2, 1, 8, 0, '2014-06-27 06:14:10'),
(2510, 2, 1, 1, 2, '2014-06-27 06:14:13'),
(2511, 1, 1, 0, 0, '2014-06-27 06:14:23'),
(2512, 1, 1, 1, 0, '2014-06-27 06:14:25'),
(2513, 1, 1, 1, 0, '2014-06-27 06:14:27'),
(2514, 1, 1, 1, 25, '2014-06-27 06:14:35'),
(2515, 1, 1, 1, 25, '2014-06-27 06:14:59'),
(2516, 1, 1, 1, 10, '2014-06-27 06:18:02'),
(2517, 2, 1, 0, 0, '2014-06-27 06:18:29'),
(2518, 2, 1, 8, 0, '2014-06-27 06:18:32'),
(2519, 2, 1, 8, 61, '2014-06-27 06:18:41'),
(2520, 2, 1, 6, 10, '2014-06-27 06:18:41'),
(2521, 2, 1, 8, 0, '2014-06-27 06:18:50'),
(2522, 10, 1, 0, 0, '2014-06-27 06:19:03'),
(2523, 10, 1, 0, 0, '2014-06-27 06:19:13'),
(2524, 2, 1, 8, 0, '2014-06-27 06:19:22'),
(2525, 2, 1, 8, 66, '2014-06-27 06:19:24'),
(2526, 2, 1, 6, 10, '2014-06-27 06:19:24'),
(2527, 10, 1, 8, 66, '2014-06-27 06:19:37'),
(2528, 10, 1, 6, 10, '2014-06-27 06:19:37'),
(2529, 2, 1, 8, 0, '2014-06-27 06:21:27'),
(2530, 2, 1, 8, 66, '2014-06-27 06:21:29'),
(2531, 2, 1, 6, 10, '2014-06-27 06:21:29'),
(2532, 2, 1, 6, 0, '2014-06-27 06:21:46'),
(2533, 2, 1, 6, 10, '2014-06-27 06:21:48'),
(2534, 2, 1, 8, 0, '2014-06-27 06:21:53'),
(2535, 2, 1, 8, 66, '2014-06-27 06:21:54'),
(2536, 2, 1, 6, 10, '2014-06-27 06:21:54'),
(2537, 2, 1, 8, 66, '2014-06-27 06:22:09'),
(2538, 2, 1, 6, 10, '2014-06-27 06:22:09'),
(2539, 2, 1, 0, 0, '2014-06-27 06:24:04'),
(2540, 2, 1, 8, 0, '2014-06-27 06:24:05'),
(2541, 2, 1, 8, 66, '2014-06-27 06:24:07'),
(2542, 2, 1, 6, 10, '2014-06-27 06:24:07'),
(2543, 2, 1, 8, 66, '2014-06-27 06:24:59'),
(2544, 2, 1, 6, 10, '2014-06-27 06:24:59'),
(2545, 2, 1, 1, 2, '2014-06-27 06:25:51'),
(2546, 1, 1, 0, 0, '2014-06-27 06:26:02'),
(2547, 1, 1, 7, 0, '2014-06-27 06:26:05'),
(2548, 1, 1, 2, 0, '2014-06-27 06:26:45'),
(2549, 1, 1, 2, 2, '2014-06-27 06:26:47'),
(2550, 24, 1, 0, 0, '2014-06-27 07:23:16'),
(2551, 25, 1, 0, 0, '2014-06-27 07:23:36'),
(2552, 2, 1, 0, 0, '2014-06-27 07:24:14'),
(2553, 1, 1, 0, 0, '2014-06-27 08:21:17'),
(2554, 24, 1, 0, 0, '2014-06-27 08:24:14'),
(2555, 24, 1, 5, 0, '2014-06-27 08:24:30'),
(2556, 24, 1, 1, 0, '2014-06-27 08:25:19'),
(2557, 24, 1, 1, 26, '2014-06-27 08:25:30'),
(2558, 25, 1, 0, 0, '2014-06-27 08:26:29'),
(2559, 26, 1, 0, 0, '2014-06-27 08:27:11'),
(2560, 26, 1, 8, 0, '2014-06-27 08:27:40'),
(2561, 25, 1, 0, 0, '2014-06-27 08:28:23'),
(2562, 25, 1, 8, 0, '2014-06-27 08:28:27'),
(2563, 25, 1, 8, 67, '2014-06-27 08:28:33'),
(2564, 25, 1, 6, 26, '2014-06-27 08:28:33'),
(2565, 26, 1, 8, 67, '2014-06-27 08:29:17'),
(2566, 26, 1, 6, 26, '2014-06-27 08:29:17'),
(2567, 25, 1, 6, 0, '2014-06-27 08:31:31'),
(2568, 25, 1, 6, 26, '2014-06-27 08:31:33'),
(2569, 25, 1, 0, 0, '2014-06-27 08:31:48'),
(2570, 2, 1, 0, 0, '2014-06-27 08:53:39');

-- --------------------------------------------------------

--
-- Estructura de tabla para la tabla `medicine`
--

CREATE TABLE IF NOT EXISTS `medicine` (
  `id` int(11) NOT NULL AUTO_INCREMENT,
  `patient` int(11) NOT NULL,
  `doctor` int(11) NOT NULL,
  `timestamp` timestamp NOT NULL DEFAULT CURRENT_TIMESTAMP,
  `medicine` int(11) NOT NULL,
  `start` timestamp NOT NULL DEFAULT '0000-00-00 00:00:00',
  `end` timestamp NOT NULL DEFAULT '0000-00-00 00:00:00',
  `interval` varchar(50) NOT NULL,
  `stop` text,
  `stop_user` int(11) NOT NULL DEFAULT '0',
  PRIMARY KEY (`id`),
  UNIQUE KEY `id` (`id`)
) ENGINE=InnoDB  DEFAULT CHARSET=latin1 AUTO_INCREMENT=19 ;

--
-- Volcado de datos para la tabla `medicine`
--

INSERT INTO `medicine` (`id`, `patient`, `doctor`, `timestamp`, `medicine`, `start`, `end`, `interval`, `stop`, `stop_user`) VALUES
(1, 10, 2, '2014-06-21 22:00:00', 12, '2014-04-30 22:00:00', '2014-06-22 22:07:38', '1#24#h', 'El%20paciente%20sufre%20una%20intolerancia%20a%20la%20medicacion%2C%20mejor%20evitarlo', 2),
(2, 17, 2, '2014-06-21 22:00:00', 30, '2014-05-14 22:00:00', '2014-06-22 18:32:42', '4#1#d', 'No tolera el tratamiento', 2),
(3, 17, 2, '2014-06-22 18:00:55', 10, '2014-03-02 23:00:00', '0000-00-00 00:00:00', '3#1#d', '0', 0),
(4, 4, 2, '2014-06-22 18:00:55', 12, '2014-04-30 22:00:00', '0000-00-00 00:00:00', '1#1#d', '0', 0),
(5, 4, 2, '2014-06-22 18:00:55', 25, '2014-06-14 22:00:00', '0000-00-00 00:00:00', '1#15#d', '0', 0),
(6, 17, 2, '2014-06-22 21:55:10', 25, '2014-06-30 22:00:00', '0000-00-00 00:00:00', '4#1#d', '', 0),
(7, 17, 2, '2014-06-22 22:00:00', 17, '2014-07-31 22:00:00', '2014-06-22 22:04:52', '5#2#m', 'Mejor%20no%20empezarlo', 2),
(8, 17, 2, '2014-06-22 22:02:32', 11, '2014-10-22 22:00:00', '0000-00-00 00:00:00', '1#8#h', '', 0),
(9, 17, 2, '2014-06-22 22:03:19', 9, '2014-07-02 22:00:00', '0000-00-00 00:00:00', '2#6#h', '', 0),
(10, 17, 2, '2014-06-22 22:04:39', 44, '2014-05-31 22:00:00', '0000-00-00 00:00:00', '1#12#h', '', 0),
(11, 10, 2, '2014-06-22 22:00:00', 22, '2014-06-30 22:00:00', '2014-06-27 00:17:38', '1#8#h', 'Erronea', 2),
(12, 10, 2, '2014-06-22 22:08:03', 115, '2014-06-23 22:00:00', '0000-00-00 00:00:00', '2#1#w', '', 0),
(13, 10, 2, '2014-06-24 01:13:40', 35, '2014-06-23 22:00:00', '0000-00-00 00:00:00', '4#1#d', '', 0),
(14, 19, 12, '2014-06-24 23:41:04', 1, '2014-06-24 22:00:00', '0000-00-00 00:00:00', '1#1#d', '', 0),
(15, 10, 2, '2014-06-27 00:21:40', 18, '2014-07-05 22:00:00', '0000-00-00 00:00:00', '5#2#w', '', 0),
(16, 10, 2, '2014-06-27 00:48:27', 92, '2014-08-14 22:00:00', '0000-00-00 00:00:00', '1#1#m', '', 0),
(17, 27, 25, '2014-06-27 02:08:05', 17, '2014-06-28 22:00:00', '0000-00-00 00:00:00', '1#1#d', '', 0),
(18, 26, 25, '2014-06-27 08:30:34', 1, '2014-06-26 22:00:00', '0000-00-00 00:00:00', '1#8#h', '', 0);

-- --------------------------------------------------------

--
-- Estructura de tabla para la tabla `message`
--

CREATE TABLE IF NOT EXISTS `message` (
  `id` int(11) NOT NULL AUTO_INCREMENT,
  `from` int(11) NOT NULL,
  `to` int(11) NOT NULL,
  `message` text NOT NULL,
  `sent` timestamp NOT NULL DEFAULT CURRENT_TIMESTAMP,
  `read` tinyint(1) NOT NULL DEFAULT '0',
  PRIMARY KEY (`id`)
) ENGINE=InnoDB  DEFAULT CHARSET=latin1 AUTO_INCREMENT=44 ;

--
-- Volcado de datos para la tabla `message`
--

INSERT INTO `message` (`id`, `from`, `to`, `message`, `sent`, `read`) VALUES
(1, 1, 5, 'Buenos%20dias%20Laura.', '2014-03-03 09:44:33', 1),
(2, 1, 5, 'Te%20voy%20a%20comentar%20como%20han%20ido%20los%20resultados%20de%20tu%20ultima%20prueba%3A%0A-%201351.13541%0A-%206324.1351%0A-3587.232', '2014-03-04 10:01:27', 1),
(3, 1, 5, 'Con%20esto%20quiero%20decir%20que%20son%20buenos', '2014-03-05 10:01:59', 1),
(4, 1, 5, 'Adios', '2014-03-05 10:49:39', 0),
(5, 1, 5, 'de%20nada', '2014-03-05 10:51:40', 0),
(6, 5, 1, 'Muchas%20gracias%20por%20todo.%0AUn%20saludo', '2014-03-05 10:54:10', 1),
(7, 5, 1, 'Pruebaaa', '2014-04-27 10:31:31', 1),
(8, 5, 1, 'aaaaaa', '2014-04-27 10:32:48', 1),
(9, 5, 2, 'prueba', '2014-04-27 10:33:04', 1),
(10, 5, 1, 'test', '2014-04-27 10:33:14', 1),
(11, 5, 1, 'mas', '2014-04-27 10:33:22', 1),
(12, 1, 10, 'Hola%20oliver', '2014-04-27 11:03:29', 1),
(13, 1, 5, 'Como%20va%20el%20dia%3F', '2014-04-27 11:03:56', 0),
(14, 5, 1, 'Noticia importante de lectura obligatoria para todos los trabajadores', '2014-04-27 11:04:47', 1),
(15, 1, 3, 'Hola%2C%20da%20cita%20a%20pepe', '2014-04-27 11:05:46', 1),
(16, 1, 11, 'Necesito%20tu%20ayuda%20en%205%20minutos', '2014-04-27 11:08:30', 0),
(17, 1, 14, 'Hola', '2014-05-07 11:57:24', 1),
(18, 14, 1, 'Gracias por la ayuda', '2014-05-07 11:59:43', 1),
(19, 1, 2, 'Hola', '2014-05-10 17:08:03', 1),
(20, 1, 2, 'Esto%20es%20una%20prueba%20del%20chat', '2014-05-10 17:08:10', 1),
(21, 1, 2, 'Y%20para%20saber%20si%20te%20llegan%20los%20mensajes%20mios', '2014-05-10 17:08:24', 1),
(22, 2, 1, 'Hola', '2014-05-12 22:56:57', 1),
(23, 2, 1, 'Mas', '2014-05-12 22:58:33', 1),
(24, 2, 1, 'Que%20tal%3F', '2014-05-12 22:59:45', 1),
(25, 2, 4, 'Buenas%20tardes%20Maria', '2014-05-12 23:01:41', 1),
(26, 10, 2, 'Hola%20Doctor', '2014-05-12 23:37:47', 1),
(27, 1, 2, 'adasd', '2014-06-15 22:32:45', 1),
(28, 1, 2, 'a', '2014-06-15 22:33:04', 1),
(29, 4, 2, 'Hola%20%2C%20tengo%20una%20pregunta', '2014-06-19 15:34:07', 1),
(30, 10, 2, 'Prueba', '2014-06-19 15:34:48', 0),
(31, 10, 2, 'necesito%20ayuda', '2014-06-19 15:34:54', 0),
(32, 2, 1, 'Hola', '2014-06-19 17:17:34', 1),
(33, 2, 1, 'test', '2014-06-19 17:17:37', 1),
(34, 2, 1, 'otro%20mensaje', '2014-06-19 17:17:42', 1),
(35, 2, 1, 'y%20otro%20mas', '2014-06-19 17:17:45', 1),
(36, 2, 1, 'Me%20funciona%20muy%20bien%20esto', '2014-06-19 17:17:55', 1),
(37, 1, 2, 'Buenos%20dias%20%2C%20tenemos%20que%20tener%20una%20reunion%20la%20semana%20que%20viene.%20%C2%BFQue%20dia%20te%20viene%20mejor%3F', '2014-06-20 00:43:22', 1),
(38, 2, 1, 'Hola', '2014-06-20 00:44:08', 1),
(39, 2, 1, 'Creo%20que%20cuando%20mejor%20podre%20es%20el%20mi%C3%A9rcoles%20o%20jueves%20por%20la%20tarde', '2014-06-20 00:44:33', 1),
(40, 2, 1, 'A%20partir%20de%20las%2019%3A00%20me%20vendr%C3%ADa%20bien', '2014-06-20 00:44:53', 1),
(41, 1, 2, 'Vale%20perfecto.%20Quedamos%20entonces%20el%20miercoles%20a%20esa%20hora', '2014-06-20 00:45:18', 0),
(42, 1, 2, 'No%20vemos', '2014-06-20 00:45:24', 0),
(43, 1, 2, 'Gracuas%20por%20todo', '2014-06-27 01:40:25', 0);

-- --------------------------------------------------------

--
-- Estructura de tabla para la tabla `note`
--

CREATE TABLE IF NOT EXISTS `note` (
  `id` int(11) NOT NULL AUTO_INCREMENT,
  `user` int(11) NOT NULL,
  `text` longtext NOT NULL,
  `event` int(11) NOT NULL DEFAULT '0',
  `visible` tinyint(1) NOT NULL DEFAULT '0',
  PRIMARY KEY (`id`),
  UNIQUE KEY `id` (`id`)
) ENGINE=InnoDB  DEFAULT CHARSET=latin1 AUTO_INCREMENT=9 ;

--
-- Volcado de datos para la tabla `note`
--

INSERT INTO `note` (`id`, `user`, `text`, `event`, `visible`) VALUES
(1, 4, '', 11, 0),
(2, 4, 'asdasd', 11, 0),
(4, 10, 'Esta%20nota%20quiero%20que%20la%20lea%20mi%20medico%20%2C%20para%20poder%20saber%20como%20estoy.%0A%0AAtentamente%2C%20%0ADenis', 17, 1),
(5, 10, 'asdasdasd', 18, 1),
(6, 10, 'Pregunta%20por%20medicacion', 24, 1),
(7, 5, 'No%20me%20encuentro%20bien%20%3A%28', 32, 1),
(8, 10, 'Hola%20esto%20es%20una%20prueba', 58, 1);

-- --------------------------------------------------------

--
-- Estructura de tabla para la tabla `patient`
--

CREATE TABLE IF NOT EXISTS `patient` (
  `historic` varchar(50) NOT NULL,
  `user_id` int(11) NOT NULL,
  `status` text,
  `height` int(11) NOT NULL DEFAULT '0',
  `weight` int(11) NOT NULL DEFAULT '0',
  PRIMARY KEY (`historic`),
  UNIQUE KEY `historic` (`historic`),
  UNIQUE KEY `user_id` (`user_id`)
) ENGINE=InnoDB DEFAULT CHARSET=latin1;

--
-- Volcado de datos para la tabla `patient`
--

INSERT INTO `patient` (`historic`, `user_id`, `status`, `height`, `weight`) VALUES
('', 22, '', 0, 0),
('111444555', 17, '', 0, 0),
('123456789', 20, '0', 172, 76),
('1318020427', 26, '', 180, 80),
('212749126', 27, '', 180, 69),
('22215128345100', 19, '', 0, 0),
('36843287', 5, 'pepe', 159, 58),
('425412189', 21, '', 180, 76),
('4565454', 10, '', 178, 86),
('5445300', 6, '', 198, 110),
('987654321', 4, '', 180, 96);

-- --------------------------------------------------------

--
-- Estructura de tabla para la tabla `permission`
--

CREATE TABLE IF NOT EXISTS `permission` (
  `id` int(11) NOT NULL AUTO_INCREMENT,
  `name` text NOT NULL,
  `timestamp` timestamp NOT NULL DEFAULT CURRENT_TIMESTAMP ON UPDATE CURRENT_TIMESTAMP,
  `creator` int(11) NOT NULL,
  `values` text NOT NULL,
  `rol` int(11) NOT NULL,
  `individual` tinyint(1) NOT NULL DEFAULT '0',
  `deleted` tinyint(1) NOT NULL DEFAULT '0',
  PRIMARY KEY (`id`)
) ENGINE=InnoDB  DEFAULT CHARSET=latin1 AUTO_INCREMENT=17 ;

--
-- Volcado de datos para la tabla `permission`
--

INSERT INTO `permission` (`id`, `name`, `timestamp`, `creator`, `values`, `rol`, `individual`, `deleted`) VALUES
(1, 'Por%20Defecto', '2014-05-25 17:58:08', 1, '{"1":"1","2":"2","3":"1","4":"1","5":"2","6":"1","7":"1","8":"0","9":"0","10":"0","11":"0"}', 1, 0, 0),
(2, 'Por Defecto', '2014-05-25 17:58:14', 0, '{"1":1,"2":2,"3":1,"4":2,"5":2,"6":2,"7":1,"8":0,"9":0,"10":0,"11":0}', 2, 0, 0),
(3, 'Por%20Defecto', '2014-06-22 13:02:47', 1, '{"1":"1","2":"1","3":"1","4":"0","5":"3","6":"2","7":"0","8":"0","9":"0","10":"2","11":"2"}', 3, 0, 0),
(4, 'Por%20Defecto', '2014-06-22 13:02:51', 1, '{"1":"1","2":"2","3":"3","4":"2","5":"3","6":"2","7":"0","8":"2","9":"2","10":"2","11":"2"}', 4, 0, 0),
(6, 'Admin%20Usuarios%20y%20permisos', '2014-05-25 22:41:42', 1, '{"1":"1","2":"1","3":"0","4":"0","5":"0","6":"0","7":"0","8":"2","9":"2","10":"0","11":"0"}', 4, 0, 0),
(8, 'Urgencias', '2014-05-25 23:28:46', 1, '{"1":"1","2":"1","3":"0","4":"1","5":"2","6":"0","7":"0","8":"0","9":"0","10":"0","11":"0"}', 1, 0, 0),
(11, 'user_4', '2014-05-26 19:26:12', 1, '{"1":"1","2":"2","3":"1","4":"0","5":"1","6":"1","7":"1","8":"0","9":"1","10":"0","11":"0"}', 1, 4, 0),
(12, 'Enfermeros', '2014-06-19 18:27:33', 1, '{"1":"1","2":"2","3":"1","4":"2","5":"2","6":"2","7":"1","8":"0","9":"0","10":"0","11":"0"}', 2, 0, 0),
(13, 'Becarios', '2014-06-19 18:31:55', 1, '{"1":"1","2":"2","3":"0","4":"1","5":"2","6":"0","7":"0","8":"0","9":"0","10":"0","11":"0"}', 2, 0, 0),
(14, 'A%20distancia', '2014-06-19 18:32:30', 1, '{"1":"1","2":"2","3":"0","4":"1","5":"2","6":"0","7":"1","8":"0","9":"0","10":"0","11":"0"}', 1, 0, 0),
(15, 'Citaciones', '2014-06-22 13:02:58', 1, '{"1":"1","2":"0","3":"0","4":"0","5":"0","6":"2","7":"0","8":"0","9":"0","10":"0","11":"0"}', 3, 0, 0),
(16, 'Organizador%20medicos', '2014-06-19 18:33:44', 1, '{"1":"1","2":"1","3":"1","4":"0","5":"3","6":"0","7":"0","8":"0","9":"0","10":"2","11":"2"}', 3, 0, 0);

-- --------------------------------------------------------

--
-- Estructura de tabla para la tabla `protocol`
--

CREATE TABLE IF NOT EXISTS `protocol` (
  `id` int(11) NOT NULL AUTO_INCREMENT,
  `user` int(11) NOT NULL,
  `name` text NOT NULL,
  `creator` int(11) NOT NULL,
  `start` timestamp NOT NULL DEFAULT '0000-00-00 00:00:00',
  `end` timestamp NULL DEFAULT '0000-00-00 00:00:00',
  `deleted` tinyint(1) NOT NULL DEFAULT '0',
  PRIMARY KEY (`id`)
) ENGINE=InnoDB  DEFAULT CHARSET=latin1 AUTO_INCREMENT=20 ;

--
-- Volcado de datos para la tabla `protocol`
--

INSERT INTO `protocol` (`id`, `user`, `name`, `creator`, `start`, `end`, `deleted`) VALUES
(1, 10, 'Inicio%20Tratamiento', 2, '2014-05-07 22:00:00', '2014-05-28 22:00:00', 0),
(2, 10, 'Fase%20inicial', 2, '2014-05-30 22:00:00', '2014-06-14 22:00:00', 0),
(3, 10, 'Fase%2033', 2, '2014-07-23 22:00:00', '2014-08-21 22:00:00', 1),
(4, 10, 'Fase%204', 2, '2014-09-03 22:00:00', '2014-10-24 22:00:00', 1),
(6, 10, 'Fase%205', 2, '2014-11-19 23:00:00', '2014-12-03 23:00:00', 1),
(8, 10, 'Fase%206', 2, '2014-04-29 22:00:00', '2014-04-30 22:00:00', 1),
(9, 10, 'Fase%207', 2, '2014-04-30 22:00:00', '2014-05-01 22:00:00', 1),
(10, 4, 'Inicio%20Sesiones', 2, '2014-05-11 22:00:00', '2014-05-12 22:00:00', 0),
(11, 0, 'Transicion', 2, '2014-05-14 22:00:00', '2014-05-30 22:00:00', 0),
(12, 0, 'Transicion', 2, '2014-05-14 22:00:00', '2014-05-30 22:00:00', 1),
(15, 10, 'Fase%206', 2, '2014-05-24 22:00:00', '2014-06-18 22:00:00', 1),
(16, 10, 'Test', 2, '2014-06-03 22:00:00', '2014-06-26 22:00:00', 1),
(17, 10, 'Newwww', 2, '2014-06-26 22:00:00', '2014-06-27 22:00:00', 1),
(18, 19, 'Fase%201', 12, '2014-06-24 22:00:00', '2014-07-30 22:00:00', 0),
(19, 10, 'fin', 2, '2014-06-26 22:00:00', '2014-07-03 22:00:00', 0);

-- --------------------------------------------------------

--
-- Estructura de tabla para la tabla `relation`
--

CREATE TABLE IF NOT EXISTS `relation` (
  `id` int(11) NOT NULL AUTO_INCREMENT,
  `doctor` int(11) NOT NULL,
  `patient` int(11) NOT NULL,
  `timestamp` timestamp NOT NULL DEFAULT CURRENT_TIMESTAMP,
  `deleted` tinyint(1) NOT NULL DEFAULT '0',
  PRIMARY KEY (`id`)
) ENGINE=InnoDB  DEFAULT CHARSET=latin1 AUTO_INCREMENT=40 ;

--
-- Volcado de datos para la tabla `relation`
--

INSERT INTO `relation` (`id`, `doctor`, `patient`, `timestamp`, `deleted`) VALUES
(13, 11, 5, '2014-06-26 18:05:19', 0),
(16, 2, 5, '2014-06-26 18:05:19', 0),
(19, 2, 4, '2014-06-26 18:05:19', 1),
(20, 11, 4, '2014-06-26 18:05:19', 0),
(21, 11, 6, '2014-06-26 18:05:19', 0),
(23, 2, 10, '2014-06-26 18:05:19', 1),
(25, 11, 10, '2014-06-26 18:05:19', 0),
(26, 14, 6, '2014-06-26 18:05:19', 0),
(27, 16, 17, '2014-06-26 18:05:19', 0),
(28, 11, 17, '2014-06-26 18:05:19', 0),
(29, 12, 17, '2014-06-26 18:05:19', 0),
(30, 12, 19, '2014-06-26 18:05:19', 0),
(31, 2, 20, '2014-06-26 18:05:19', 0),
(32, 2, 10, '2014-06-26 18:35:22', 1),
(33, 2, 10, '2014-06-26 18:38:55', 1),
(34, 2, 10, '2014-06-26 18:39:18', 0),
(35, 0, 0, '2014-06-27 01:18:11', 0),
(36, 25, 21, '2014-06-27 01:19:42', 1),
(37, 25, 21, '2014-06-27 01:20:14', 1),
(38, 25, 21, '2014-06-27 01:23:02', 0),
(39, 25, 26, '2014-06-27 08:24:52', 0);

-- --------------------------------------------------------

--
-- Estructura de tabla para la tabla `report`
--

CREATE TABLE IF NOT EXISTS `report` (
  `id` int(11) NOT NULL AUTO_INCREMENT,
  `event` int(11) NOT NULL,
  `called` timestamp NOT NULL DEFAULT '0000-00-00 00:00:00',
  `start` timestamp NOT NULL DEFAULT '0000-00-00 00:00:00',
  `end` timestamp NOT NULL DEFAULT '0000-00-00 00:00:00',
  `report` longtext NOT NULL,
  `absence` tinyint(1) NOT NULL DEFAULT '0',
  PRIMARY KEY (`id`)
) ENGINE=InnoDB  DEFAULT CHARSET=latin1 AUTO_INCREMENT=26 ;

--
-- Volcado de datos para la tabla `report`
--

INSERT INTO `report` (`id`, `event`, `called`, `start`, `end`, `report`, `absence`) VALUES
(1, 14, '2014-05-01 22:00:00', '2014-05-01 22:00:00', '2014-05-01 22:00:00', 'Apertura%20del%20expediente%20de%20Oliver%20Pata, se presenta con sistomas de defensas bajas , se solicitan analiticas para evaluar su estado.\n', 0),
(2, 17, '2014-05-05 22:00:00', '2014-05-05 22:00:00', '2014-05-05 22:00:00', 'Lorem%20ipsum%20dolor%20sit%20amet%2C%20consectetur%20adipiscing%20elit.%20Vestibulum%20quis%20massa%20commodo%2C%20bibendum%20magna%20sit%20amet%2C%20porttitor%20tortor.%20In%20hac%20habitasse%20platea%20dictumst.%20Aliquam%20eros%20lectus%2C%20volutpat%20ac%20massa%20at%2C%20consectetur%20ultrices%20quam.%20Pellentesque%20vel%20neque%20tincidunt%20justo%20gravida%20volutpat.%20Suspendisse%20at%20lectus%20vestibulum%2C%20condimentum%20augue%20a%2C%20lacinia%20odio.%20Maecenas%20at%20pharetra%20ante.%20Pellentesque%20ipsum%20urna%2C%20auctor%20in%20sodales%20eu%2C%20vulputate%20vitae%20nisi.%20Cras%20vel%20ligula%20quam.%20Mauris%20ornare%20pulvinar%20augue%2C%20vitae%20aliquet%20ante%20rutrum%20sed.%20Nam%20id%20placerat%20lectus.%20Vestibulum%20eleifend%20suscipit%20diam%20id%20viverra.%20Integer%20quis%20quam%20tortor.%20Morbi%20in%20lectus%20sollicitudin%2C%20tempor%20diam%20vitae%2C%20sollicitudin%20turpis.%0D%0A%0D%0AEtiam%20scelerisque%20semper%20quam%2C%20et%20ullamcorper%20nibh%20ullamcorper%20id.%20Curabitur%20molestie%2C%20lacus%20ut%20scelerisque%20feugiat%2C%20sem%20enim%20ultricies%20enim%2C%20quis%20consequat%20nunc%20erat%20at%20est.%20Aliquam%20ac%20erat%20sollicitudin%2C%20euismod%20nisl%20sit%20amet%2C%20varius%20quam.%20Donec%20volutpat%20nisl%20id%20magna%20rhoncus%2C%20id%20gravida%20augue%20vehicula.%20Phasellus%20nec%20dui%20purus.%20Sed%20ultricies%20elit%20sit%20amet%20mi%20pulvinar%2C%20ac%20iaculis%20dolor%20lobortis.%20Donec%20quis%20nisi%20risus.%0D%0A%0D%0ANam%20molestie%20quam%20ut%20dui%20auctor%2C%20a%20volutpat%20metus%20ultricies.%20Fusce%20porta%2C%20urna%20ut%20ultricies%20pretium%2C%20neque%20nulla%20malesuada%20neque%2C%20eget%20pulvinar%20nibh%20odio%20eu%20nisi.%20Proin%20condimentum%20a%20nisi%20convallis%20viverra.%20Mauris%20vehicula%20sollicitudin%20velit%2C%20vitae%20placerat%20orci%20cursus%20eget.%20Nunc%20ut%20purus%20lorem.%20Interdum%20et%20malesuada%20fames%20ac%20ante%20ipsum%20primis%20in%20faucibus.%20Sed%20at%20scelerisque%20nunc%2C%20eu%20ultricies%20felis.%20Suspendisse%20dapibus%20erat%20ac%20orci%20cursus%20condimentum.%20Integer%20dapibus%20consequat%20ante.%20Fusce%20vel%20ante%20eget%20ante%20varius%20ultrices%20id%20vitae%20ligula.%20Morbi%20varius%20dolor%20eu%20orci%20bibendum%20ullamcorper.%0D%0A%0D%0ACras%20vitae%20gravida%20dui%2C%20eget%20porttitor%20est.%20Sed%20scelerisque%20fringilla%20odio%2C%20non%20varius%20nibh%20fringilla%20non.%20Integer%20eget%20dictum%20nunc.%20Cum%20sociis%20natoque%20penatibus%20et%20magnis%20dis%20parturient%20montes%2C%20nascetur%20ridiculus%20mus.%20Sed%20diam%20mauris%2C%20adipiscing%20a%20placerat%20at%2C%20laoreet%20ut%20purus.%20Nulla%20sollicitudin%2C%20mauris%20quis%20eleifend%20dictum%2C%20lectus%20dui%20commodo%20mauris%2C%20nec%20mollis%20lectus%20ipsum%20vitae%20tellus.%20Suspendisse%20sit%20amet%20porta%20ante.%20Phasellus%20vehicula%20nibh%20commodo%2C%20sodales%20dui%20ut%2C%20laoreet%20purus.%20Nunc%20aliquam%20imperdiet%20nulla%2C%20ut%20placerat%20odio%20mattis%20viverra.%20Cras%20ante%20neque%2C%20euismod%20vel%20dignissim%20dictum%2C%20mollis%20pellentesque%20ipsum.%20Morbi%20euismod%20felis%20ut%20magna%20ullamcorper%2C%20ut%20pretium%20arcu%20molestie.%20Integer%20at%20nibh%20sed%20tellus%20rutrum%20consectetur%20eget%20cursus%20turpis.', 0),
(6, 27, '0000-00-00 00:00:00', '2014-05-21 23:29:16', '2014-05-21 23:29:39', 'Hola%20que%20haces%3F%20%2A%20Editado%0A%0A', 1),
(7, 30, '0000-00-00 00:00:00', '2014-05-27 21:47:53', '2014-05-27 21:50:45', 'Este%20informe%20es%20el%20nuevo%2C%20pero%20no%20se%20ha%20dado%20por%20finalizado%20aun.%0A%0AEl%20paciente%20posee%20unos%20valores%20de%20la%20analitica%20bastante%20correctos%20y%20no%20necesita%20cambio%20de%20medicacion.%20La%20cambiooooo', 0),
(8, 32, '2014-05-28 21:55:03', '0000-00-00 00:00:00', '0000-00-00 00:00:00', '', 0),
(9, 31, '0000-00-00 00:00:00', '0000-00-00 00:00:00', '0000-00-00 00:00:00', '', 1),
(10, 33, '2014-06-03 07:41:39', '0000-00-00 00:00:00', '0000-00-00 00:00:00', '', 0),
(11, 35, '2014-06-18 00:03:53', '0000-00-00 00:00:00', '0000-00-00 00:00:00', '', 0),
(12, 39, '2014-06-20 02:47:48', '0000-00-00 00:00:00', '0000-00-00 00:00:00', '', 0),
(13, 50, '2014-06-23 19:40:17', '0000-00-00 00:00:00', '0000-00-00 00:00:00', '', 0),
(14, 51, '2014-06-23 22:33:54', '0000-00-00 00:00:00', '0000-00-00 00:00:00', '', 0),
(15, 54, '2014-06-24 21:58:41', '0000-00-00 00:00:00', '0000-00-00 00:00:00', '', 0),
(16, 56, '2014-06-25 19:20:23', '0000-00-00 00:00:00', '0000-00-00 00:00:00', '', 0),
(17, 57, '2014-06-26 18:54:22', '0000-00-00 00:00:00', '0000-00-00 00:00:00', '', 0),
(18, 59, '2014-06-26 22:02:23', '0000-00-00 00:00:00', '0000-00-00 00:00:00', '', 1),
(19, 58, '2014-06-26 22:05:25', '2014-06-26 22:07:00', '2014-06-26 23:36:09', 'Este%20es%20el%20nuevo%20informe%20de%20la%20consulta', 0),
(20, 60, '2014-06-27 00:21:00', '2014-06-27 00:21:08', '2014-06-27 00:36:21', '', 0),
(21, 61, '2014-06-27 00:43:39', '2014-06-27 00:43:46', '2014-06-27 06:18:44', '', 0),
(22, 64, '2014-06-27 02:00:06', '0000-00-00 00:00:00', '0000-00-00 00:00:00', '', 0),
(23, 65, '2014-06-27 02:07:13', '2014-06-27 02:07:25', '2014-06-27 02:09:56', 'Esta%20consulta%20es%20el%20incio%20del%20historial%20medico%2C%20%0A%0ASe%20valora%20el%20estado%20del%20paciente%20y%20a%20consecuencia%20se%20cree%20que%20esta%20en%20la%20fase%20incial%20del%20VIH', 0),
(24, 66, '2014-06-27 06:19:28', '2014-06-27 06:19:38', '2014-06-27 06:21:17', 'test', 0),
(25, 67, '2014-06-27 08:29:02', '2014-06-27 08:29:17', '2014-06-27 08:31:21', 'Primera%20visita%20correcta', 0);

-- --------------------------------------------------------

--
-- Estructura de tabla para la tabla `staff`
--

CREATE TABLE IF NOT EXISTS `staff` (
  `staff_id` varchar(50) NOT NULL,
  `user_id` int(11) NOT NULL,
  `branch` int(11) NOT NULL,
  `horary` varchar(250) NOT NULL,
  `office` varchar(250) DEFAULT NULL,
  `room` varchar(250) DEFAULT NULL,
  `h_phone` varchar(50) DEFAULT NULL,
  PRIMARY KEY (`staff_id`),
  UNIQUE KEY `user_id` (`user_id`),
  UNIQUE KEY `staff_id` (`staff_id`)
) ENGINE=InnoDB DEFAULT CHARSET=latin1;

--
-- Volcado de datos para la tabla `staff`
--

INSERT INTO `staff` (`staff_id`, `user_id`, `branch`, `horary`, `office`, `room`, `h_phone`) VALUES
('1000000002', 2, 13, 'EN', '41', '666', '112'),
('100000005645I', 15, 14, 'E', '', '25', ''),
('11111111555555', 18, -1, 'ME', NULL, NULL, NULL),
('153200087', 3, -1, 'ME', '125', '112', '999662'),
('153451331', 24, -4, 'ME', '', '', ''),
('2147483647', 11, 25, 'MN', '444', '201', NULL),
('4488845454', 14, 13, 'ME', NULL, NULL, NULL),
('5224751210', 12, 30, 'M', '55P', '', ''),
('597453250', 25, 20, 'ME', '', 'Urgencias', ''),
('8888852O', 16, 33, 'ME', '005', '55L', NULL);

-- --------------------------------------------------------

--
-- Estructura de tabla para la tabla `user`
--

CREATE TABLE IF NOT EXISTS `user` (
  `id` int(11) NOT NULL AUTO_INCREMENT,
  `name` varchar(250) NOT NULL,
  `lastname` varchar(250) NOT NULL,
  `contact` text,
  `dni` varchar(20) NOT NULL,
  `birthdate` date NOT NULL,
  `password` varchar(50) NOT NULL,
  `avatar` varchar(250) DEFAULT NULL,
  `sex` varchar(10) NOT NULL,
  `blood` varchar(20) NOT NULL,
  `information` text,
  `deleted` tinyint(1) NOT NULL DEFAULT '0',
  `sip_name` varchar(50) NOT NULL,
  `sip_id` varchar(250) NOT NULL,
  `sip_pass` varchar(50) NOT NULL,
  `rol` int(11) NOT NULL DEFAULT '1',
  `rol_perms` int(11) NOT NULL DEFAULT '0',
  PRIMARY KEY (`id`),
  UNIQUE KEY `dni` (`dni`)
) ENGINE=InnoDB  DEFAULT CHARSET=latin1 AUTO_INCREMENT=27 ;

--
-- Volcado de datos para la tabla `user`
--

INSERT INTO `user` (`id`, `name`, `lastname`, `contact`, `dni`, `birthdate`, `password`, `avatar`, `sex`, `blood`, `information`, `deleted`, `sip_name`, `sip_id`, `sip_pass`, `rol`, `rol_perms`) VALUES
(1, 'Denis', 'Vaillo%20Sanchez', '{"address":{"dir":"C\\/Sin nombre 25","ciu":"Mostoles","cp":"28938"},"email":["denisvaillo@gmail.es"],"phone":["656456292"]}', 'admin', '1989-07-16', '5df5fb98d1f809ccb7b0e2c9aa9876b49740127a', NULL, 'male', '0+', 'Administrador%20del%20sistema', 0, 'denispfg', 'denispfg@sip2sip.info', '250707s2s', 4, 0),
(2, 'Juan', 'Chacon%20Perez', '{"address":{"dir":"C\\/Alegria 25","ciu":"Mostoles","cp":"28938"},"email":["juanjuan@juan.es"],"phone":["666999666"]}', 'medico', '1989-11-01', '5d772c6e61428f182815b61998f38c7434282a3b', NULL, 'male', 'A+', '', 0, 'denispfg', 'denispfg@sip2sip.info', '250707s2s', 2, 2),
(3, 'David', 'Perez%20Lopez', '{"address":[],"email":[],"phone":[]}', 'auxiliar', '1965-11-25', '5d772c6e61428f182815b61998f38c7434282a3b', NULL, 'male', 'B-', '', 0, 'denispfg', 'denispfg@sip2sip.info', '250707s2s', 3, 0),
(4, 'Maria', 'Marques%20Munoz', '{"address":{"dir":"","ciu":"","cp":""},"email":["maria@test.es"],"phone":["650210074"]}', 'paciente1', '1974-10-05', '5d772c6e61428f182815b61998f38c7434282a3b', NULL, 'female', 'A+', '', 0, 'denispfg2', 'denispfg2@sip2sip.info', '250707s2s', 1, 0),
(5, 'Laura', 'Sanchez%20Sanz', '{"address":{"dir":"","ciu":"","cp":""},"email":[],"phone":[]}', 'paciente2', '1980-01-12', '5d772c6e61428f182815b61998f38c7434282a3b', NULL, 'female', '0+', '', 0, 'denispfg2', 'denispfg2@sip2sip.info', '250707s2s', 1, 8),
(6, 'Pedro', 'Rodriguez%20Cano', '{"email":["pprr@gmail.com"],"phone":[666222547],"address":["Calle murcia 55, mostoles"]}', 'paciente3', '1966-01-20', '5d772c6e61428f182815b61998f38c7434282a3b', NULL, 'male', 'AB+', '', 0, 'denispfg2', 'denispfg2@sip2sip.info', '250707s2s', 1, 0),
(10, 'Marcos', 'Llana%20Sanchez', '{"address":{"dir":"","ciu":"","cp":""},"email":[],"phone":[]}', '47255641L', '1988-01-05', '5d772c6e61428f182815b61998f38c7434282a3b', NULL, 'male', 'A+', 'Problema%20tobillo', 0, 'denispfg2', 'denispfg2@sip2sip.info', '250707s2s', 1, 0),
(11, 'Manuel', 'Lopez%20Marin', '{"address":[],"email":[],"phone":[]}', '4221567P', '1980-07-08', '5d772c6e61428f182815b61998f38c7434282a3b', NULL, 'male', 'B+', '', 0, 'denispfg', 'denispfg@sip2sip.info', '250707s2s', 2, 0),
(12, 'Sergio', 'Manter%20Gil', '{"address":{"dir":"","ciu":"","cp":""},"email":[],"phone":["632444014"]}', '25014036L', '1970-03-06', '5d772c6e61428f182815b61998f38c7434282a3b', NULL, 'male', 'B+', '', 0, 'denispfg', 'denispfg@sip2sip.info', '250707s2s', 3, 0),
(14, 'Pilar', 'Norto%20Garrido', '{"address":["Murcia"],"email":[],"phone":[]}', '222444888P', '1980-08-16', '5d772c6e61428f182815b61998f38c7434282a3b', NULL, 'female', 'B+', 'Poco%20trabajadora', 0, 'denispfg', 'denispfg@sip2sip.info', '250707s2s', 2, 0),
(15, 'Santiago', 'Barbas%20Tones', '{"address":["Calle juan mu\\u00f1oz, Marbella"],"email":["adad@tttttttt.es"],"phone":["9163520014"]}', '552654231O', '1979-02-23', '8f15de0b07782d57ca6fda134d8dd9f50f9f0ab5', NULL, 'male', '0+', '', 0, 'denispfg', 'denispfg@sip2sip.info', '250707s2s', 2, 0),
(16, 'Tamara', 'Bollo%20Galdes', '{"address":{"dir":"Calle pepa","ciu":"address_ciu","cp":"address_cp"},"email":[],"phone":["916551212"]}', '33035423T', '1972-04-14', '5d772c6e61428f182815b61998f38c7434282a3b', NULL, 'female', 'AB+', '', 0, 'denispfg', 'denispfg@sip2sip.info', '250707s2s', 2, 0),
(17, 'Gloria', 'Carter%20Gomez', '{"address":{"dir":"","ciu":"","cp":""},"email":["glo@peer.es"],"phone":["63300245"]}', '3684526R', '1959-06-04', '5d772c6e61428f182815b61998f38c7434282a3b', NULL, 'female', 'A+', 'Ingresa%20con%20un%20estado%20correcto', 0, 'denispfg2', 'denispfg2@sip2sip.info', '250707s2s', 1, 0),
(18, 'Carmen', 'Secretaria', '{"address":{"dir":"","ciu":"","cp":""},"email":[],"phone":[]}', '33568654J', '1969-07-03', '5d772c6e61428f182815b61998f38c7434282a3b', NULL, 'female', 'A-', '', 1, 'denispfg', 'denispfg@sip2sip.info', '250707s2s', 3, 0),
(19, 'Ruben', 'Test%20PFG', '{"address":{"dir":"","ciu":"","cp":""},"email":[],"phone":[]}', 'test', '1990-06-14', '5d772c6e61428f182815b61998f38c7434282a3b', NULL, 'male', '0+', '', 1, 'denispfg2', 'denispfg2@sip2sip.info', '250707s2s', 1, 0),
(20, 'Juan', 'Perez%20Lopez', '{"address":{"dir":"","ciu":"","cp":""},"email":[],"phone":[]}', '111111111A', '1989-02-01', '5d772c6e61428f182815b61998f38c7434282a3b', NULL, 'male', 'A-', '', 0, 'denispfg2', 'denispfg2@sip2sip.info', '250707s2s', 1, 0),
(21, 'Cesar%20', 'Mu%C3%B1oz%20Cartagena', '{"address":{"dir":"","ciu":"","cp":""},"email":[],"phone":[]}', '222333444A', '1970-03-08', '5d772c6e61428f182815b61998f38c7434282a3b', NULL, 'male', '0+', '', 0, 'denispfg2', 'denispfg2@sip2sip.info', '250707s2s', 1, 1),
(24, 'Angela', 'Marquez%20Claro', '{"address":{"dir":"","ciu":"","cp":""},"email":[],"phone":[]}', '123456A', '1982-05-07', '5d772c6e61428f182815b61998f38c7434282a3b', NULL, 'female', '0-', '', 0, 'denispfg', 'denispfg@sip2sip.info', '250707s2s', 3, 3),
(25, 'Francisco', 'Jimeno%20Torres', '{"address":{"dir":"","ciu":"","cp":""},"email":[],"phone":[]}', '654321A', '1970-09-10', '5d772c6e61428f182815b61998f38c7434282a3b', NULL, 'male', '0+', '', 0, 'denispfg', 'denispfg@sip2sip.info', '250707s2s', 2, 2),
(26, 'Daniel', 'Perez%20Martin', '{"address":{"dir":"","ciu":"","cp":""},"email":[],"phone":[]}', '000000A', '1979-06-08', '5d772c6e61428f182815b61998f38c7434282a3b', NULL, 'male', '0+', '', 0, 'denispfg2', 'denispfg2@sip2sip.info', '250707s2s', 1, 1);

-- --------------------------------------------------------

--
-- Estructura de tabla para la tabla `warning`
--

CREATE TABLE IF NOT EXISTS `warning` (
  `id` int(11) NOT NULL AUTO_INCREMENT,
  `creator` int(11) NOT NULL,
  `date` timestamp NOT NULL DEFAULT CURRENT_TIMESTAMP ON UPDATE CURRENT_TIMESTAMP,
  `text` longtext NOT NULL,
  `patient` int(11) NOT NULL,
  `scope` int(11) NOT NULL,
  `deleted` tinyint(1) NOT NULL DEFAULT '0',
  PRIMARY KEY (`id`)
) ENGINE=InnoDB  DEFAULT CHARSET=latin1 AUTO_INCREMENT=14 ;

--
-- Volcado de datos para la tabla `warning`
--

INSERT INTO `warning` (`id`, `creator`, `date`, `text`, `patient`, `scope`, `deleted`) VALUES
(1, 1, '2014-05-19 21:48:50', 'Es muuuuuuuu tonto', 4, 234, 0),
(2, 1, '2014-05-19 22:17:11', 'implemente texto aleatorio. Tiene sus raices en una pieza cl´sica de la literatura del Latin, que data del año 45 antes de Cristo, haciendo que este adquiera mas de 2000 años de antiguedad. Richard McClintock, un profesor de Latin de la Universidad de Hampden-Sydney en Virginia, encontró una de las palabras más oscuras de la lengua del latín, "consecteur", en un pasaje de Lorem Ipsum, y al seguir leyendo distintos textos del latín, descubrió la fuente indudable. Lorem Ipsum viene de las secciones 1.10.32 y 1.10.33 de "de Finnibus Bonorum et Malorum" (Los Extremos del Bien y El Mal) por Cicero, escrito en el año 45 antes de Cristo. Este libro es un tratado de teoría de éticas, muy popular durante el Renacimiento. La primera linea del Lorem Ipsum, "Lorem ipsum dolor sit amet..", viene de una linea en la sección 1.10.32\n\nEl trozo de texto estándar de Lorem Ipsum usado desde el año 1500 es reproducido debajo para aquellos interesados. Las secciones 1.10.32 y 1.10.33 de "de Finibus Bonorum et Malorum" por Cicero son también reproducidas en su forma original exacta, acompañadas por versiones en Inglés de la traducción realizada en 1914 por H. Rackham.', 4, 234, 0),
(3, 2, '2014-05-20 20:37:06', 'No%20se%20toma%20la%20medicacion', 4, 2, 1),
(4, 2, '2014-05-20 20:38:42', 'Mas%20raro%20que%20un%20perro%20verde', 4, 23, 1),
(5, 2, '2014-05-20 21:04:02', 'Prueba', 4, 23, 1),
(6, 2, '2014-05-20 21:05:26', 'No%20esta%20bien', 4, 4, 0),
(7, 2, '2014-05-21 23:24:44', 'Eres%20to%20fea', 4, 1, 1),
(8, 2, '2014-05-22 07:41:45', 'Hola', 4, 1, 0),
(9, 2, '2014-05-22 07:44:53', 'Aviso%20de%20urgencia', 4, 12, 1),
(10, 2, '2014-05-24 11:16:35', 'Revisar%20siempre%20su%20tarjeta%20sanitaria', 10, 2, 0),
(11, 2, '2014-06-20 01:21:31', 'Avisar%20resultados%20positivos%20analiticas', 10, 2, 0),
(12, 1, '2014-06-22 22:21:44', 'Revisar%20analiticas', 10, 2, 0),
(13, 12, '2014-06-24 23:41:55', 'Bienvenido%20a%20tu%20historial', 19, 1, 0);

-- --------------------------------------------------------

--
-- Estructura de tabla para la tabla `warning_read`
--

CREATE TABLE IF NOT EXISTS `warning_read` (
  `id` int(11) NOT NULL AUTO_INCREMENT,
  `user` int(11) NOT NULL,
  `warning` int(11) NOT NULL,
  `date` timestamp NOT NULL DEFAULT CURRENT_TIMESTAMP,
  PRIMARY KEY (`id`)
) ENGINE=InnoDB  DEFAULT CHARSET=latin1 AUTO_INCREMENT=31 ;

--
-- Volcado de datos para la tabla `warning_read`
--

INSERT INTO `warning_read` (`id`, `user`, `warning`, `date`) VALUES
(8, 2, 4, '2014-05-20 20:38:42'),
(9, 2, 5, '2014-05-20 21:04:02'),
(10, 2, 6, '2014-05-20 21:05:26'),
(11, 2, 2, '2014-05-20 22:03:41'),
(12, 2, 1, '2014-05-20 22:03:41'),
(13, 2, 7, '2014-05-21 23:24:44'),
(14, 4, 7, '2014-05-21 23:26:50'),
(15, 2, 8, '2014-05-22 07:41:45'),
(16, 4, 8, '2014-05-22 07:42:17'),
(17, 2, 9, '2014-05-22 07:44:53'),
(18, 4, 9, '2014-05-22 07:45:34'),
(19, 2, 10, '2014-05-24 11:16:35'),
(20, 1, 6, '2014-05-25 22:44:50'),
(21, 1, 2, '2014-05-25 22:44:50'),
(22, 1, 1, '2014-05-25 22:44:50'),
(23, 2, 11, '2014-06-20 01:21:31'),
(24, 1, 12, '2014-06-22 22:21:44'),
(25, 2, 12, '2014-06-22 22:24:11'),
(26, 12, 13, '2014-06-24 23:41:55'),
(27, 19, 13, '2014-06-24 23:42:17'),
(28, 11, 12, '2014-06-26 18:53:14'),
(29, 11, 11, '2014-06-26 18:53:14'),
(30, 11, 10, '2014-06-26 18:53:14');

/*!40101 SET CHARACTER_SET_CLIENT=@OLD_CHARACTER_SET_CLIENT */;
/*!40101 SET CHARACTER_SET_RESULTS=@OLD_CHARACTER_SET_RESULTS */;
/*!40101 SET COLLATION_CONNECTION=@OLD_COLLATION_CONNECTION */;
